"-9.896,-4.7,0.038,-2.484,2.948,2.292","-9.814,-4.728,-0.088,-2.694,3.022,2.37","-9.762,-4.798,-0.344,-2.872,3.084,2.458","-9.634,-4.75,-0.67,-3.034,3.116,2.548","-9.456,-4.68,-0.796,-3.216,3.122,2.63","-9.22,-4.558,-1.008,-3.43,3.084,2.69","-8.982,-4.322,-1.592,-3.628,3.038,2.752","-8.892,-4.034,-2.208,-3.796,3.02,2.82","-8.988,-3.732,-2.802,-3.938,3.004,2.86","-9.24,-3.402,-3.204,-4.072,2.99,2.868","-9.518,-3.06,-3.55,-4.212,3.006,2.862","-9.63,-2.71,-4.088,-4.336,3.032,2.828","-9.596,-2.348,-4.738,-4.446,3.07,2.764","-9.628,-1.944,-5.36,-4.538,3.1,2.662","-9.682,-1.476,-5.85,-4.57,3.118,2.534","-9.632,-1.05,-6.274,-3.372,-0.986,-2.65","-9.578,-0.682,-6.918,-3.1,-2.716,-4.556","-9.626,-0.404,-7.704,-3.314,-4.706,-6.364","-9.706,-0.338,-8.34,-3.99,-6.114,-8.16","-9.604,-0.36,-9.08,-5.104,-7.228,-9.67","-9.266,-0.524,-10.146,-5.966,-8.112,-10.42","-8.91,-0.414,-11.678,-6.848,-8.928,-10.752","-8.626,0.286,-12.926,-8.018,-9.682,-10.998","-8.302,1.122,-13.29,-8.81,-9.454,-11.092","-8.224,2.184,-13.488,-8.762,-7.296,-11.37","-8.678,3.536,-14.032,-3.372,-0.986,-2.65","-9.862,5.108,-14.774,-3.1,-2.716,-4.556","-11.638,7.662,-16.808,-3.314,-4.706,-6.364","-13.342,11.054,-19.678,-3.99,-6.114,-8.16","-14.196,14.228,-21.232,-5.104,-7.228,-9.67","-14.246,18.268,-23.128,-5.966,-8.112,-10.42","-13.624,22.618,-25.784,-6.848,-8.928,-10.752","-10.422,24.692,-26.116,-8.018,-9.682,-10.998","-4.506,24.136,-26.106,-8.81,-9.454,-11.092","1.682,21.902,-25.69,-8.762,-7.296,-11.37","8.104,18.062,-22.564,-8.056,-7.87,-12.86","13.986,12.774,-19.532,-5.156,-6.224,-12.618","19.516,7.194,-16.678,-0.908,-3.122,-10.768","27.498,0.272,-12.1,0.512,-4.444,-10.36","38.33,-10.53,-2.352,5.406,-2.082,-7.592","39.226,-23.498,-5.712,3.992,-0.228,-2.104","39.226,-30.77,-14.546,3.498,-1.02,-1.382","39.226,-37.296,2.664,5.536,0.632,-1.71","37.942,-36.582,18.408,5.238,0.252,-0.494","37.278,-21.262,4.624,0.024,-3.72,-0.312","38.55,-19.164,13.896,-5.15,-6.21,-1.032","22.624,-3.794,-5.304,-7.332,-8.098,-1.894","14.066,14.276,-19.026,-8.036,-9.358,-1.958","10.81,26.288,-13.834,-6.44,-7.546,-1.068","-1.586,30.922,-0.328,-3.134,-4.496,-1.356","-7.956,20.912,1.55,-0.002,-2.536,-2.778","-4.69,6.194,0.79,1.678,-2.018,-3.54","2.128,-3.148,5.872,2.13,-2.132,-3.166","13.792,-9.466,10.174,2.286,-2.498,-2.48","21.78,-13.052,9.418,1.8,-3.096,-2.192","22.38,-15.476,7.472,1.116,-3.5,-2.196","19.928,-16.53,9.57,1.02,-3.47,-2.388","16.6,-14.028,14.226,1.28,-3.266,-2.792","11.99,-8.976,15.662,1.442,-3.118,-3.372","7.784,-5.698,14.928,1.416,-3.12,-4.174"
"-10.486,-1.592,3.318,-1.25,2.6,1.136","-10.302,-1.334,2.754,-1.368,2.684,1.068","-10.03,-1.622,3.07,-1.572,2.714,0.948","-9.826,-1.624,2.722,-1.818,2.694,0.8","-9.736,-1.658,2.196,-2.09,2.706,0.738","-9.66,-1.916,1.878,-2.362,2.768,0.752","-9.872,-1.932,1.04,-2.598,2.852,0.808","-10.056,-2.208,0.464,-2.832,2.986,0.898","-9.754,-2.844,-0.054,-3.176,3.188,1.046","-8.91,-3.918,-0.052,-3.558,3.408,1.196","-8.078,-4.958,0.006,-3.868,3.576,1.248","-7.624,-5.466,-0.468,-4.174,3.708,1.254","-7.434,-5.548,-1.218,-4.49,3.818,1.292","-7.55,-5.718,-1.55,-4.756,3.928,1.366","-8.068,-5.796,-2.392,-4.974,4.046,1.42","-8.856,-5.644,-3.972,-5.196,4.122,1.426","-9.27,-5.694,-5.178,-5.476,4.138,1.406","-9.15,-5.868,-6.094,-5.746,4.174,1.404","-8.928,-5.686,-7.078,-5.956,4.208,1.41","-8.952,-5.14,-8.258,-6.118,4.22,1.418","-9.196,-4.616,-9.286,-6.236,4.214,1.432","-9.244,-4.362,-10.586,-6.26,4.132,1.444","-8.928,-3.998,-11.65,-6.216,3.942,1.44","-8.66,-3.506,-12.748,-6.178,3.646,1.492","-8.584,-3.064,-14.48,-6.066,3.242,1.524","-8.72,-2.738,-16.53,-5.828,2.866,1.522","-9.176,-2.41,-18.668,-5.5,2.626,1.572","-9.718,-2.346,-20.666,-5.002,2.16,1.292","-10.008,-2.686,-22.108,-4.554,1.618,0.622","-10.236,-2.808,-23.362,-4.02,1.118,-0.62","-10.572,-2.406,-24.352,-3.29,0.002,-2.954","-11.222,-1.302,-23.276,-3.178,-1.992,-5.972","-13.266,1.636,-22.282,-3.912,-3.984,-8.72","-14.572,6.292,-22.222,-4.37,-6.01,-10.834","-15.34,13.434,-24.93,-3.89,-9.806,-12.324","-17.846,23.66,-30.41,-3.37,-17.702,-13.294","-18.29,32.13,-34.278,-2.206,-24.574,-13.09","-12.28,33.12,-33.378,-1.564,-8.598,-8.294","-2.314,27.95,-32.066,-1.28,-0.48,-8.746","6.486,23.53,-37.934,1.754,-5.94,-10.484","18.06,20.55,-39.226,5.842,-6.05,-8.266","38.27,15.568,-39.01,8.426,-5.782,-5.14","39.226,-9.346,-18.586,12.638,-4.822,-1.896","39.226,-35.534,10.482,15.536,-6.668,-0.092","39.226,-39.226,36.704,17.73,-10.804,-1.466","36.264,-35.338,26.258,20.772,-12.076,-0.542","24.106,-20.31,-8.594,13.27,-11.002,5.782","17.524,-7.44,-27.152,6.114,-10.16,9.238","15.442,3.468,-14.218,4.564,-9.264,6.378","9.256,20.178,-29.926,2.706,-4.958,6.96","12.11,24.084,-39.226,-0.602,-3.828,8.256","24.65,6.36,-28.758,-0.978,-4.044,8.34","34.44,-0.966,2.086,-1.316,-4.906,7.656","39.226,16.342,8.28,-4.188,-4.146,6.052","39.226,12.432,-0.888,-5.874,-4.19,6.244","33.98,6.518,9.918,-6.844,-4.726,5.702","18.54,5.7,10.368,-6.938,-5.692,4.214","13.01,3.082,7.024,-7.208,-5.814,3.76","11.678,5.136,13.09,-7.384,-5.862,3.824","14.872,5.982,13.372,-6.284,-5.778,3.602"
"-9.574,-5.48,1.142,-2.988,2.0,2.52","-9.516,-5.484,0.806,-3.142,2.086,2.504","-9.72,-5.248,0.316,-3.266,2.158,2.486","-9.928,-4.892,0.302,-3.254,2.224,2.474","-9.912,-4.416,0.28,-3.172,2.31,2.488","-9.718,-3.808,-0.042,-3.104,2.394,2.526","-9.41,-3.388,-0.258,-3.052,2.442,2.562","-9.004,-3.204,-0.462,-3.016,2.46,2.576","-8.556,-3.046,-0.918,-3.036,2.482,2.552","-8.17,-2.998,-1.314,-3.118,2.486,2.488","-7.982,-2.908,-1.764,-3.226,2.51,2.426","-8.08,-2.566,-2.292,-3.284,2.56,2.376","-8.322,-2.074,-2.686,-3.274,2.574,2.304","-8.52,-1.572,-3.168,-3.24,2.568,2.194","-8.66,-1.182,-3.928,-3.242,2.598,2.11","-8.744,-0.84,-4.664,-3.29,2.62,2.086","-9.006,-0.456,-5.378,-3.386,2.6,2.026","-9.53,0.036,-6.134,-3.444,2.548,1.886","-10.166,0.708,-6.742,-3.46,2.488,1.718","-10.658,1.27,-7.142,-3.388,2.506,1.616","-11.166,1.83,-7.416,-3.182,2.578,1.524","-12.048,2.808,-7.954,-3.046,2.616,1.3","-13.156,4.198,-9.29,-2.868,2.782,1.012","-13.95,5.472,-10.344,-2.616,3.13,0.698","-14.26,6.422,-10.874,-2.334,3.388,0.37","-14.53,6.912,-11.716,-1.996,3.536,-0.106","-14.686,6.896,-12.716,-2.008,3.328,-1.068","-13.94,6.348,-14.092,-2.058,2.632,-2.526","-12.584,5.632,-16.654,-1.854,1.28,-4.482","-11.446,6.342,-20.322,-2.338,-1.014,-6.738","-11.114,9.622,-23.64,-3.334,-4.3,-8.824","-11.54,14.348,-26.472,-3.88,-8.056,-10.374","-11.702,19.696,-30.848,-4.384,-11.808,-11.358","-11.88,25.606,-38.314,-5.37,-15.236,-11.726","-11.776,29.078,-39.226,-6.244,-16.528,-11.916","-9.388,27.786,-39.212,-7.17,-14.43,-14.268","-4.14,22.98,-39.226,-6.734,-10.336,-14.9","3.07,17.182,-39.226,-5.258,-7.868,-11.36","12.538,11.54,-39.226,-2.628,-6.294,-9.588","27.594,5.906,-37.862,-1.422,1.346,-4.04","39.226,-0.252,-27.282,0.822,-0.434,-0.242","39.226,-15.468,-20.488,6.006,-4.346,-0.924","39.226,-35.794,-13.762,8.814,-3.204,0.282","39.226,-39.226,7.424,3.84,-10.418,-0.266","39.226,-39.226,17.598,-9.5,-15.22,-1.944","36.522,-37.392,20.982,-12.466,-16.49,-2.234","9.19,-9.76,-16.582,-9.48,-14.688,-0.59","1.93,18.696,-30.424,-9.424,-8.522,1.348","-7.722,38.794,-30.674,-4.418,-1.256,-1.338","-4.252,38.794,14.79,1.788,1.116,-3.528","14.966,34.004,-18.45,5.206,-2.098,-3.704","30.012,7.926,-30.066,7.168,-5.572,-3.246","39.226,-21.736,-13.44,6.646,-7.078,-2.082","39.226,-30.914,-17.414,3.368,-7.17,-1.006","36.396,-31.016,-3.986,-0.52,-6.686,-0.644","18.646,-26.934,7.42,-3.126,-5.88,-0.608","6.234,-19.43,11.11,-4.278,-4.848,-0.568","7.35,-10.612,18.846,-4.422,-3.95,-0.59","11.444,-1.576,24.838,-3.648,-3.68,-0.778","13.892,4.466,24.536,-2.694,-4.216,-1.18"
"-8.88,-7.264,-2.03,-2.286,2.974,1.234","-9.196,-7.78,-2.936,-2.59,3.008,1.338","-9.864,-7.76,-3.754,-2.876,3.118,1.5","-10.706,-7.396,-4.27,-3.16,3.256,1.686","-11.394,-6.998,-4.698,-3.49,3.348,1.896","-11.684,-6.888,-5.326,-3.814,3.42,2.122","-11.686,-7.194,-5.85,-4.128,3.484,2.35","-11.552,-7.684,-5.886,-4.364,3.558,2.574","-11.642,-8.126,-6.362,-4.422,3.626,2.742","-11.972,-8.28,-6.872,-4.392,3.718,2.788","-12.166,-8.062,-7.542,-4.476,3.858,2.798","-12.254,-7.67,-8.176,-4.676,3.988,2.828","-12.274,-7.3,-8.586,-4.878,4.074,2.844","-12.292,-6.824,-9.232,-5.088,4.108,2.89","-12.054,-6.372,-10.342,-5.242,4.056,2.962","-11.446,-6.158,-10.906,-5.192,3.834,2.932","-10.63,-5.732,-11.006,-4.96,3.476,2.778","-10.028,-4.604,-11.472,-4.652,3.056,2.568","-9.814,-3.318,-11.936,-4.516,2.638,2.312","-9.862,-2.116,-12.514,-4.79,2.292,1.91","-10.026,-0.548,-13.404,-5.138,2.066,1.324","-9.71,1.088,-14.07,-5.098,1.846,0.612","-8.794,2.056,-14.708,-4.946,1.478,-0.186","-7.622,1.92,-14.654,-4.54,0.938,-1.152","-6.252,1.242,-14.468,-4.09,0.386,-2.476","-4.78,1.282,-15.826,-3.364,-0.27,-4.142","-3.572,2.186,-18.692,-2.372,-1.258,-5.816","-2.936,3.356,-20.926,-2.116,-2.696,-7.636","-3.006,5.038,-21.158,-3.556,-4.654,-9.618","-3.488,7.414,-21.012,-5.152,-6.886,-11.186","-4.74,11.504,-23.158,-5.836,-9.21,-12.098","-6.512,15.804,-24.0,-6.306,-11.488,-12.608","-8.472,18.244,-21.038,-5.436,-11.398,-12.758","-8.34,17.812,-18.282,-4.358,-11.96,-13.128","-3.096,15.336,-19.524,-4.732,-12.358,-11.932","5.132,11.1,-22.148,-3.81,-10.148,-9.692","14.55,4.898,-23.85,-2.202,-12.376,-10.108","29.726,-4.594,-24.226,-1.582,-12.276,-10.58","39.226,-21.21,-21.04,0.402,-5.44,-9.456","39.226,-34.538,-23.778,-1.688,-2.232,-6.066","39.226,-32.466,-12.062,-3.548,-2.46,-4.586","39.226,-26.14,6.064,-2.274,0.268,-4.23","39.226,-27.512,19.732,-1.93,1.576,-3.068","39.226,-14.744,26.878,-3.774,-1.412,-2.786","39.226,-12.936,31.06,-6.196,-5.724,-3.258","32.034,-10.096,18.298,-5.906,-9.818,-3.252","15.222,7.416,3.804,-2.574,-10.428,-3.522","4.246,14.798,3.792,0.502,-8.23,-4.248","-7.198,9.816,-6.49,1.552,-5.518,-3.98","-13.078,-1.358,-9.522,1.17,-2.896,-2.048","-8.132,-12.962,-4.06,0.658,-0.798,-0.732","5.212,-19.912,7.236,0.566,0.166,-1.204","22.724,-23.618,16.882,0.578,0.052,-2.312","34.578,-20.95,19.764,0.862,-0.386,-2.608","37.836,-17.302,25.026,1.116,-0.778,-1.958","30.958,-14.22,24.262,1.174,-1.008,-1.07","17.838,-12.822,20.528,1.298,-1.05,-0.476","7.024,-11.582,17.256,1.438,-1.026,-0.402","2.116,-10.758,13.18,1.38,-1.008,-0.526","0.554,-10.642,10.938,1.154,-1.098,-0.614"
"-6.624,-5.806,1.064,-1.412,4.814,1.616","-7.222,-5.818,0.37,-1.794,4.944,1.884","-7.538,-6.33,-0.25,-2.174,5.044,2.17","-7.84,-7.01,-1.588,-2.592,5.18,2.488","-7.958,-8.04,-2.252,-3.086,5.352,2.806","-7.77,-8.758,-2.8,-3.608,5.5,3.088","-7.872,-8.504,-3.876,-4.052,5.568,3.28","-7.992,-7.526,-4.684,-4.318,5.586,3.34","-7.968,-6.222,-5.432,-4.476,5.58,3.26","-8.07,-4.97,-5.946,-4.622,5.562,3.104","-8.444,-3.902,-6.456,-4.76,5.548,2.952","-9.018,-2.814,-7.212,-4.868,5.558,2.82","-9.694,-1.522,-7.908,-4.966,5.63,2.696","-10.242,-0.2,-8.528,-5.042,5.712,2.554","-10.38,0.698,-8.958,-4.97,5.762,2.362","-10.118,1.188,-9.1,-4.762,5.794,2.12","-9.628,1.408,-9.06,-4.504,5.788,1.824","-9.188,1.404,-9.358,-4.242,5.664,1.474","-9.026,1.228,-10.054,-4.082,5.574,1.15","-9.29,1.078,-10.776,-3.974,5.554,0.816","-9.81,0.878,-11.632,-4.1,5.324,0.346","-10.494,0.5,-12.596,-4.388,4.842,-0.226","-11.324,0.22,-13.23,-4.554,4.158,-0.854","-11.682,0.11,-12.914,-3.786,3.058,-1.716","-11.76,0.728,-13.998,-2.566,1.58,-3.256","-12.342,1.788,-15.2,-2.642,-0.412,-5.316","-12.7,3.01,-15.796,-3.932,-2.41,-7.116","-12.324,5.646,-18.836,-5.158,-4.002,-8.592","-12.968,12.272,-24.098,-6.014,-5.342,-9.772","-14.948,21.054,-29.618,-6.518,-6.776,-10.492","-16.362,27.78,-32.392,-6.53,-8.328,-10.91","-13.734,28.71,-31.566,-6.292,-10.072,-11.15","-8.108,25.296,-30.248,-5.68,-11.444,-11.282","-2.058,20.198,-29.242,-3.382,-12.018,-12.22","3.326,14.892,-27.864,-2.166,-15.672,-14.016","8.344,9.75,-27.996,-0.998,-13.066,-11.792","13.572,4.04,-27.954,0.874,-11.934,-11.112","20.96,-3.22,-25.638,5.264,-12.658,-10.924","35.95,-14.102,-18.78,8.346,-5.108,-6.602","39.226,-23.238,-29.272,8.778,-2.45,-5.27","39.226,-25.096,-26.868,13.284,-0.974,-3.864","38.622,-11.85,-14.252,18.626,0.008,-1.894","38.934,-5.316,0.644,22.806,-0.06,0.712","39.226,-18.784,4.54,17.846,-2.66,4.58","39.226,-37.38,13.846,7.322,-5.746,5.99","34.542,-23.5,-7.44,0.116,-6.462,4.894","13.3,3.604,-26.006,-2.896,-6.568,3.876","7.538,18.342,-33.984,-5.064,-5.648,5.236","7.516,23.356,-17.558,-7.89,-4.868,7.668","1.698,25.016,-2.228,-7.178,-3.32,8.018","0.116,25.27,8.238,-8.774,-3.236,5.828","3.292,18.936,5.304,-7.652,-4.036,2.478","9.732,9.034,4.608,-7.086,-5.222,0.556","13.316,4.524,10.178,-7.238,-5.976,0.576","9.33,4.758,5.58,-5.478,-6.164,0.736","5.078,4.374,8.516,-3.336,-5.776,0.094","2.108,4.598,8.268,-1.86,-5.418,-0.09","3.726,1.308,6.786,-1.066,-5.482,0.366","10.55,-2.304,8.218,-0.972,-5.652,0.532","18.24,-3.922,8.192,-1.32,-5.88,0.148"
"-9.22,-3.426,3.882,-2.896,5.1,1.472","-8.912,-3.642,3.136,-3.126,5.056,1.65","-8.212,-3.562,1.786,-3.422,5.006,1.86","-7.37,-3.45,0.676,-3.746,4.96,2.084","-6.39,-3.798,0.292,-4.012,4.924,2.274","-5.286,-4.14,-0.276,-4.244,4.928,2.428","-4.26,-4.302,-0.982,-4.472,4.946,2.558","-3.402,-4.658,-0.822,-4.704,4.918,2.664","-2.832,-4.676,-0.578,-4.952,4.86,2.73","-2.746,-3.938,-0.738,-5.146,4.814,2.734","-3.146,-2.81,-0.72,-5.252,4.774,2.678","-3.966,-1.456,-0.578,-5.154,4.726,2.566","-4.95,-0.19,-0.664,-4.83,4.696,2.41","-5.702,0.616,-1.036,-4.472,4.628,2.246","-5.988,0.856,-1.772,-4.186,4.558,2.126","-5.906,0.726,-2.316,-3.816,4.51,2.016","-5.782,0.738,-2.796,-3.5,4.45,1.858","-5.782,0.984,-3.668,-3.42,4.37,1.682","-5.976,0.938,-4.31,-3.452,4.31,1.51","-6.146,0.71,-5.042,-3.41,4.346,1.314","-6.508,1.09,-6.512,-3.204,4.374,1.052","-7.13,1.752,-7.356,-3.026,4.324,0.716","-7.55,2.26,-7.076,-2.72,4.234,0.29","-7.672,2.754,-7.066,-2.468,4.014,-0.224","-7.834,3.754,-8.33,-2.706,3.72,-0.794","-8.504,5.538,-9.968,-2.69,3.45,-1.544","-9.432,7.442,-10.436,-2.28,3.11,-2.62","-10.276,9.662,-11.104,-2.042,2.568,-4.016","-10.972,11.386,-12.036,-2.036,1.55,-5.876","-11.078,12.318,-12.642,-2.572,-0.236,-8.04","-10.95,14.426,-14.402,-2.91,-2.748,-9.63","-10.832,17.274,-17.298,-2.442,-5.798,-10.352","-10.416,19.078,-20.308,-2.352,-9.254,-10.712","-10.1,19.718,-24.992,-2.684,-12.686,-10.936","-9.066,19.646,-29.994,-3.224,-14.638,-10.84","-5.132,19.022,-35.818,-1.796,-11.808,-11.0","0.286,17.57,-39.226,-0.132,-10.512,-12.982","5.528,13.786,-39.226,1.266,-6.298,-10.348","11.672,7.892,-39.11,2.086,-3.312,-7.52","21.024,0.404,-35.504,3.394,-4.342,-8.356","36.264,-10.316,-19.106,3.684,-6.012,-7.88","39.226,-24.944,-4.464,10.482,-2.118,-3.722","39.226,-38.264,1.626,13.45,-1.226,2.318","39.226,-37.292,15.176,16.458,-5.14,3.96","33.372,-25.922,18.682,23.226,-8.934,2.802","20.652,-20.988,0.442,16.766,-10.408,3.532","13.228,-11.188,-33.084,13.582,-10.17,5.728","14.474,-13.678,-4.55,8.924,-8.87,5.034","-0.444,-4.184,-15.614,3.87,-7.418,4.228","-8.48,9.552,-39.226,-0.818,-5.534,6.988","2.28,11.874,-29.216,-4.594,-4.464,9.488","13.994,14.194,-8.444,-8.75,-6.69,9.518","21.502,30.364,12.714,-7.534,-7.038,9.712","21.018,27.584,-2.884,-8.31,-6.174,6.38","24.556,10.598,-0.114,-7.236,-7.13,1.722","21.2,-2.22,0.696,-6.694,-7.496,0.25","13.434,-2.946,4.63,-7.136,-7.342,1.234","16.242,-2.706,0.904,-5.396,-7.248,1.836","17.39,-0.24,8.454,-3.292,-6.46,2.036","19.43,0.396,10.422,-1.808,-5.814,2.064"
"-10.178,-0.374,-1.928,-2.448,2.666,2.034","-10.16,-0.384,-2.58,-2.602,2.772,2.052","-9.988,-0.494,-3.082,-2.78,2.838,2.106","-9.728,-0.548,-3.512,-2.988,2.852,2.16","-9.42,-0.398,-4.072,-3.134,2.85,2.194","-9.1,-0.214,-4.574,-3.21,2.838,2.198","-8.866,-0.032,-5.048,-3.274,2.816,2.174","-8.736,0.002,-5.394,-3.302,2.812,2.156","-8.724,0.004,-5.71,-3.286,2.812,2.132","-8.76,0.154,-6.196,-3.266,2.806,2.102","-8.754,0.278,-6.782,-3.256,2.796,2.09","-8.674,0.292,-7.35,-3.256,2.78,2.068","-8.394,0.188,-7.816,-3.236,2.754,1.988","-8.034,0.208,-8.19,-3.284,2.702,1.866","-7.702,0.33,-8.55,-3.394,2.618,1.754","-7.352,0.344,-8.96,-3.504,2.592,1.662","-7.076,0.458,-9.534,-3.606,2.652,1.56","-7.0,0.84,-10.088,-3.796,2.772,1.406","-6.916,1.23,-10.394,-4.134,2.818,1.224","-6.414,1.626,-10.54,-4.48,2.636,0.982","-5.624,2.23,-10.684,-4.712,2.328,0.672","-4.822,2.992,-11.22,-4.786,2.05,0.252","-4.442,3.742,-12.442,-4.666,1.736,-0.3","-4.6,4.366,-13.436,-4.64,1.358,-0.926","-5.34,5.39,-14.046,-4.786,0.926,-1.752","-6.016,6.702,-14.254,-4.238,0.218,-2.988","-6.364,8.084,-15.14,-3.0,-0.874,-4.608","-6.532,9.256,-16.618,-2.31,-2.264,-6.404","-6.23,9.892,-17.628,-2.738,-3.816,-8.244","-5.818,11.502,-18.71,-3.854,-5.444,-9.912","-6.34,16.158,-21.374,-4.764,-6.734,-11.09","-7.574,22.712,-24.392,-5.19,-7.756,-11.95","-8.628,27.946,-24.394,-5.466,-8.896,-12.624","-8.388,30.14,-24.47,-5.716,-10.102,-13.016","-5.714,28.52,-25.916,-5.94,-11.108,-13.07","-0.324,22.24,-24.942,-5.24,-11.284,-13.044","5.024,14.814,-23.836,-1.846,-10.82,-14.09","9.492,7.762,-22.916,3.726,-9.198,-16.308","14.294,-0.134,-20.346,4.364,-4.95,-13.322","20.552,-8.868,-16.008,4.45,2.658,-3.976","30.924,-16.548,-12.086,1.112,-0.086,0.11","39.226,-21.454,-14.042,2.214,-3.146,-3.072","39.226,-27.87,-15.528,4.296,-0.36,-2.272","39.226,-39.226,7.296,4.152,-0.368,1.22","39.226,-34.312,20.622,0.01,-4.924,1.01","30.024,-32.072,26.296,-6.08,-7.696,-0.33","4.878,-12.858,-6.58,-8.914,-8.832,0.014","7.228,-1.274,-6.0,-8.86,-7.878,1.094","9.146,8.32,-10.328,-6.634,-5.078,1.688","-5.188,17.136,-5.144,-3.384,-2.788,1.074","-9.594,12.022,7.604,-1.218,-1.784,0.156","-0.21,-0.046,11.824,-0.196,-1.866,-0.182","10.63,-7.976,15.73,0.348,-2.276,0.046","19.582,-13.266,13.834,0.162,-2.676,0.25","20.182,-16.538,8.88,-0.768,-2.876,0.228","17.704,-18.294,10.186,-1.266,-2.702,0.108","14.736,-16.032,14.236,-0.938,-2.346,-0.054","11.04,-8.882,13.77,-0.192,-1.832,-0.16","8.024,-3.11,12.418,0.396,-1.152,-0.256","7.092,-2.774,13.482,0.482,-0.786,-0.484"
"-11.462,-2.676,-3.604,-2.94,2.568,2.268","-11.638,-2.4,-4.154,-3.08,2.554,2.382","-11.906,-2.22,-4.728,-3.164,2.534,2.5","-12.356,-2.108,-4.786,-3.296,2.508,2.592","-12.64,-2.256,-4.316,-3.424,2.39,2.638","-12.204,-2.514,-4.096,-3.416,2.252,2.628","-11.492,-2.41,-4.09,-3.326,2.182,2.562","-11.232,-1.862,-3.97,-3.184,2.17,2.476","-11.566,-1.4,-3.714,-3.06,2.222,2.394","-12.246,-1.046,-3.534,-3.052,2.312,2.376","-12.792,-0.546,-3.35,-3.052,2.388,2.416","-13.078,-0.134,-2.724,-3.04,2.464,2.376","-13.02,0.278,-2.264,-3.162,2.46,2.27","-12.79,0.76,-2.498,-3.304,2.412,2.08","-12.682,1.058,-2.582,-3.324,2.412,1.794","-12.954,1.454,-2.426,-3.272,2.406,1.524","-13.64,2.218,-3.044,-3.17,2.466,1.368","-14.218,2.642,-3.62,-3.042,2.69,1.3","-14.082,2.762,-4.856,-3.002,2.92,1.27","-13.166,2.578,-7.488,-3.074,2.866,1.214","-11.784,2.024,-9.354,-3.46,2.658,1.092","-10.332,1.556,-9.884,-3.976,2.142,0.734","-9.402,1.576,-10.56,-4.34,1.346,0.15","-9.568,1.856,-12.354,-4.432,0.314,-0.566","-10.774,2.108,-14.266,-4.182,-0.908,-1.38","-12.166,2.262,-14.958,-3.888,-2.132,-2.286","-13.89,3.62,-15.888,-3.656,-3.314,-3.426","-15.24,6.154,-17.312,-3.574,-4.482,-4.68","-15.208,8.942,-19.306,-3.898,-5.506,-5.85","-14.37,11.432,-20.206,-4.968,-6.524,-6.88","-13.272,12.896,-19.56,-5.894,-7.806,-7.694","-11.526,13.732,-19.834,-5.74,-9.198,-8.084","-8.308,13.172,-20.744,-4.996,-9.68,-8.102","-3.944,10.964,-20.438,-4.772,-10.732,-8.184","1.05,7.896,-19.514,-6.374,-11.88,-7.23","6.732,5.452,-21.38,-7.61,-11.156,-6.036","13.872,3.196,-24.448,-6.97,-11.68,-7.042","24.64,-1.39,-24.692,-5.298,-10.08,-8.534","38.634,-9.274,-23.708,-3.02,-6.228,-9.376","39.226,-16.118,-26.156,1.058,1.494,-6.166","39.226,-16.998,-17.262,-1.294,0.756,-2.062","36.544,-11.762,-8.724,-3.182,-0.894,-1.412","38.818,-10.822,3.744,-4.146,1.164,-0.11","39.226,-11.884,8.748,-7.506,-0.992,0.748","39.226,-9.238,5.71,-13.208,-6.196,-0.464","36.888,-15.414,28.368,-14.19,-8.134,-1.99","20.438,5.928,-1.574,-13.578,-7.61,-2.08","12.464,18.086,-15.28,-12.358,-4.944,-1.216","4.166,22.484,-14.794,-6.774,-1.514,-1.796","-10.988,21.79,1.472,-1.214,-0.22,-3.356","-7.576,7.694,-0.386,1.6,-0.284,-4.048","4.11,-8.97,-0.096,3.372,-0.64,-3.868","15.206,-18.864,3.096,4.264,-1.74,-3.796","20.468,-21.612,0.86,3.41,-3.414,-4.068","17.068,-21.44,-1.858,2.076,-4.69,-4.018","11.99,-19.332,1.926,1.216,-5.07,-3.544","9.578,-14.492,7.464,0.65,-5.212,-3.226","6.452,-7.592,8.156,0.148,-5.634,-3.57","4.55,-2.8,6.952,-0.4,-5.426,-4.35","7.058,-1.432,6.058,-0.8,-4.514,-5.034"
"-9.008,-4.064,2.21,-2.462,5.084,1.052","-9.82,-3.7,2.078,-2.816,5.35,1.242","-10.052,-2.952,1.628,-3.114,5.572,1.412","-9.738,-2.314,1.562,-3.376,5.764,1.548","-9.05,-2.304,1.346,-3.632,5.882,1.604","-8.52,-2.534,0.524,-3.958,5.948,1.648","-8.47,-2.468,-0.656,-4.34,5.98,1.746","-8.56,-2.454,-1.386,-4.688,5.966,1.86","-8.654,-2.274,-2.096,-4.994,5.89,1.914","-8.782,-1.814,-3.08,-5.294,5.746,1.946","-8.704,-1.432,-4.032,-5.59,5.534,2.01","-8.536,-1.356,-4.952,-5.812,5.304,2.072","-8.706,-1.296,-6.144,-5.964,5.128,2.092","-9.244,-1.112,-7.556,-6.152,5.022,2.106","-9.778,-1.188,-8.616,-6.374,4.936,2.112","-10.13,-1.616,-9.464,-6.556,4.774,2.032","-10.142,-2.106,-10.45,-6.764,4.61,1.898","-9.832,-2.36,-11.524,-7.062,4.458,1.75","-9.504,-2.572,-12.214,-7.366,4.194,1.604","-9.352,-2.584,-12.828,-7.362,3.872,1.452","-9.498,-2.232,-13.676,-7.258,3.686,1.262","-9.396,-2.396,-14.486,-7.606,3.512,0.904","-8.698,-3.42,-15.776,-8.03,3.118,0.248","-7.63,-4.592,-16.654,-7.94,2.44,-0.648","-6.296,-5.196,-16.356,-7.402,1.556,-1.77","-4.64,-5.886,-15.944,-6.58,0.544,-3.314","-3.22,-6.294,-15.73,-5.836,-0.674,-5.214","-2.412,-4.864,-16.728,-5.382,-2.152,-7.134","-1.956,-1.646,-19.446,-5.604,-3.73,-8.758","-1.744,2.51,-23.018,-6.788,-5.506,-9.824","-2.03,7.212,-25.618,-7.848,-7.052,-10.492","-2.486,11.904,-25.916,-8.214,-7.774,-11.222","-2.02,16.066,-25.352,-7.76,-7.382,-12.254","0.024,18.444,-26.154,-6.304,-6.274,-13.31","3.634,17.614,-26.172,-5.054,-7.132,-13.79","8.406,14.15,-23.856,-4.084,-8.648,-13.094","13.852,9.688,-21.358,-2.668,-10.67,-13.034","20.054,4.98,-19.824,-0.25,-14.05,-14.212","28.918,-1.488,-15.384,4.738,-14.506,-15.166","33.182,-8.128,-16.934,9.142,-6.016,-11.188","35.234,-15.044,-18.1,4.816,1.134,-4.502","39.226,-22.282,-15.712,0.366,-3.684,-4.24","39.226,-27.98,-16.102,2.152,-1.106,-2.856","39.226,-25.284,-16.656,2.928,1.536,1.084","39.226,-24.558,9.31,0.612,-4.18,2.702","39.226,-29.076,39.184,-2.29,-9.242,0.31","25.222,-10.722,13.406,-4.31,-9.992,-1.8","13.084,-0.214,-6.384,-5.738,-10.492,-1.558","11.214,1.822,-5.948,-5.792,-8.366,0.394","-0.778,7.156,-6.758,-3.884,-5.262,0.976","-14.364,12.902,3.712,-1.874,-3.608,-0.362","-6.266,8.468,10.848,-0.576,-3.022,-1.796","7.112,-2.824,7.716,0.388,-2.824,-2.254","20.836,-11.54,15.632,0.692,-3.118,-2.044","29.528,-13.168,14.85,0.264,-4.3,-1.75","29.172,-13.216,12.076,0.22,-5.0,-1.572","27.148,-14.298,14.12,0.644,-4.534,-1.53","24.166,-14.272,18.924,0.762,-3.684,-1.488","16.654,-12.38,19.754,0.672,-2.818,-1.526","10.204,-11.31,19.166,0.534,-2.268,-1.852"
"-9.128,-4.586,1.298,-1.762,4.178,1.678","-8.954,-5.142,0.588,-2.4,4.378,1.882","-9.278,-5.328,0.026,-3.014,4.522,2.07","-9.938,-5.214,0.0,-3.602,4.592,2.264","-10.72,-4.552,-0.162,-4.132,4.602,2.486","-11.454,-3.818,-0.48,-4.49,4.578,2.71","-12.018,-3.246,-1.066,-4.716,4.542,2.95","-12.628,-2.702,-1.992,-4.888,4.464,3.182","-13.142,-2.582,-2.928,-4.986,4.31,3.3","-13.354,-2.922,-3.592,-5.03,4.13,3.302","-13.186,-3.268,-4.628,-5.058,4.02,3.238","-12.79,-3.604,-5.494,-5.1,3.978,3.146","-12.622,-4.014,-5.956,-5.15,3.95,3.044","-12.834,-4.198,-6.61,-5.198,3.95,2.928","-12.876,-4.264,-7.114,-5.256,3.952,2.814","-12.434,-4.392,-7.31,-5.324,3.954,2.734","-11.856,-4.47,-7.228,-5.382,3.988,2.766","-11.428,-4.448,-7.208,-5.45,3.968,2.844","-11.154,-4.45,-7.604,-5.522,3.858,2.91","-10.956,-4.524,-8.116,-5.484,3.684,2.916","-10.806,-4.436,-8.7,-5.282,3.558,2.804","-10.834,-4.352,-9.318,-5.164,3.552,2.538","-11.208,-4.27,-10.082,-5.21,3.71,2.21","-11.782,-4.348,-10.54,-5.258,3.88,1.912","-12.172,-4.32,-10.414,-5.004,3.922,1.588","-11.656,-4.058,-9.762,-4.054,3.786,1.044","-10.122,-4.084,-9.624,-2.886,3.438,0.016","-8.302,-3.8,-11.116,-2.172,2.644,-1.672","-7.27,-2.718,-12.9,-1.982,1.198,-3.928","-7.53,-0.362,-14.404,-2.466,-0.774,-6.048","-8.844,3.866,-16.664,-3.12,-2.79,-7.654","-11.146,10.086,-19.32,-3.42,-5.458,-8.92","-13.874,17.606,-22.606,-3.786,-9.516,-9.626","-15.53,24.888,-26.546,-4.358,-14.494,-9.32","-13.784,27.84,-28.648,-4.35,-17.596,-8.73","-8.558,25.092,-29.246,-3.826,-15.934,-10.276","-3.164,20.492,-33.126,-3.872,-11.596,-9.856","1.894,14.834,-35.552,-4.084,-11.316,-7.286","10.694,6.786,-38.242,-5.216,-14.644,-8.55","26.386,-3.538,-38.946,-5.83,-16.63,-10.81","39.226,-16.654,-24.83,0.046,-9.716,-11.808","39.226,-23.62,-20.954,1.93,-4.392,-9.11","39.226,-20.872,-8.876,-1.58,-5.248,-5.938","37.002,-12.16,2.818,-1.44,-3.756,-4.02","38.72,-7.032,-3.804,-0.258,-1.43,-3.046","39.226,5.424,-31.552,4.13,-3.144,-4.198","39.226,-8.438,18.098,6.746,-1.952,-2.486","39.226,-11.406,30.944,3.938,-1.466,0.976","34.39,-5.622,11.704,2.97,-5.194,1.216","26.39,-4.076,3.806,0.736,-8.584,-0.122","15.226,2.572,-3.178,-1.6,-7.528,0.282","13.694,5.16,-6.762,-2.956,-5.102,1.172","11.034,2.862,-3.982,-4.958,-4.1,1.61","-3.486,3.104,-3.566,-5.874,-4.838,1.506","-5.61,0.144,6.286,-5.902,-4.938,1.268","6.55,-4.04,9.618,-6.544,-4.398,0.922","14.296,0.29,17.208,-6.494,-4.326,0.294","13.932,7.464,17.894,-5.622,-4.616,-0.268","9.872,11.272,14.314,-4.336,-4.684,-0.752","8.7,6.088,12.676,-2.868,-4.44,-1.212"
"-11.172,-7.21,-3.086,-2.944,1.282,2.126","-11.194,-6.758,-3.262,-2.948,1.034,2.156","-11.838,-6.214,-3.384,-2.91,0.812,2.24","-12.814,-5.614,-3.316,-2.76,0.644,2.308","-13.634,-5.026,-3.39,-2.55,0.572,2.34","-13.806,-4.518,-3.452,-2.368,0.602,2.368","-13.344,-4.098,-3.286,-2.226,0.72,2.394","-12.834,-3.706,-3.214,-2.148,0.912,2.422","-12.508,-3.34,-3.574,-2.166,1.166,2.45","-12.154,-3.274,-4.032,-2.28,1.444,2.458","-11.706,-3.276,-4.028,-2.48,1.712,2.452","-11.25,-3.01,-3.882,-2.69,1.9,2.408","-10.85,-2.546,-3.896,-2.824,2.036,2.336","-10.458,-1.992,-3.9,-2.874,2.236,2.298","-10.132,-1.35,-4.146,-2.866,2.48,2.298","-9.888,-0.744,-4.738,-2.882,2.712,2.338","-9.878,-0.12,-5.778,-3.038,2.818,2.374","-9.786,0.354,-6.92,-3.256,2.814,2.354","-9.348,0.506,-7.83,-3.406,2.734,2.256","-9.074,0.608,-8.73,-3.52,2.65,2.07","-9.244,0.652,-9.416,-3.628,2.612,1.818","-9.804,0.754,-9.722,-3.83,2.598,1.542","-10.242,1.054,-9.868,-4.172,2.682,1.332","-10.236,1.446,-10.406,-4.454,2.812,1.1","-9.756,1.588,-11.69,-4.71,2.95,0.876","-8.758,1.404,-12.85,-4.97,2.964,0.644","-7.79,0.878,-13.53,-5.15,2.524,0.136","-6.838,0.506,-14.11,-5.228,1.61,-0.982","-6.69,1.16,-15.062,-5.108,0.648,-2.426","-7.696,2.334,-15.802,-5.112,-0.152,-3.648","-10.266,3.826,-16.284,-4.986,-0.714,-5.062","-14.93,5.698,-16.098,-4.884,-0.996,-6.55","-19.582,7.364,-15.706,-5.038,-1.228,-8.018","-21.184,8.42,-15.898,-4.66,-1.536,-9.504","-19.428,8.824,-14.706,-3.684,-1.992,-11.046","-17.128,11.104,-13.526,-3.082,-2.352,-12.746","-14.312,12.542,-10.706,-3.518,-3.314,-14.166","-11.566,13.168,-7.014,-3.842,-5.422,-14.8","-9.02,14.838,-6.018,-2.45,-8.504,-14.594","-6.676,16.404,-4.716,0.76,-13.08,-14.344","-2.506,14.008,-2.91,3.498,-11.69,-13.372","3.884,8.526,-3.77,5.314,-2.106,-10.21","11.362,4.102,-7.84,4.13,-1.352,-7.792","22.266,0.224,-15.408,4.152,-4.324,-6.996","36.578,-4.388,-30.59,6.398,-1.784,-5.948","39.226,-13.44,-36.018,7.992,3.304,-2.536","39.226,-28.162,4.064,8.538,1.512,-0.642","36.966,-31.116,5.466,6.41,-4.638,0.796","30.48,-30.03,24.098,3.042,-7.992,0.776","16.784,-11.68,1.946,0.696,-8.92,-0.49","14.852,-3.996,1.382,-0.05,-9.966,-1.712","-1.836,6.856,-8.164,0.222,-9.8,-1.654","-13.312,13.588,-7.46,0.9,-6.598,-0.592","-13.042,14.672,-2.85,2.264,-3.802,0.234","-5.748,9.126,2.004,3.402,-2.274,0.98","1.612,2.522,2.004,3.472,-1.484,1.504","11.366,-3.36,3.41,2.38,-1.344,1.462","24.726,-8.964,8.894,0.592,-1.902,1.062","28.83,-10.512,7.254,-0.99,-2.78,0.86","25.414,-8.766,6.48,-2.01,-3.378,1.046"
"-10.598,-1.78,-5.0,-3.112,2.936,2.538","-10.616,-1.846,-5.558,-3.304,2.898,2.464","-10.304,-1.764,-6.212,-3.43,2.868,2.366","-9.954,-1.432,-6.77,-3.51,2.834,2.294","-9.656,-1.148,-7.188,-3.558,2.752,2.214","-9.384,-1.154,-7.362,-3.552,2.622,2.102","-9.222,-1.18,-7.42,-3.53,2.452,1.996","-9.268,-1.062,-7.47,-3.576,2.324,1.904","-9.59,-0.944,-7.322,-3.632,2.254,1.832","-10.276,-0.652,-7.196,-3.63,2.262,1.774","-11.002,-0.026,-7.174,-3.616,2.352,1.704","-11.372,0.55,-7.09,-3.586,2.482,1.612","-11.15,0.874,-6.942,-3.504,2.592,1.492","-10.64,1.02,-6.798,-3.392,2.678,1.348","-10.082,1.188,-6.852,-3.294,2.742,1.178","-9.732,1.278,-7.284,-3.212,2.782,0.944","-9.726,1.242,-7.852,-3.162,2.864,0.632","-10.058,1.252,-8.362,-3.194,3.014,0.288","-10.496,1.474,-8.752,-3.264,3.09,-0.032","-10.902,1.868,-9.322,-3.312,3.006,-0.302","-11.132,2.358,-10.072,-3.116,2.784,-0.62","-10.848,2.766,-10.918,-2.644,2.572,-1.196","-9.866,2.89,-12.206,-1.95,2.282,-2.124","-8.57,2.748,-14.016,-0.974,1.608,-3.236","-7.37,2.608,-15.724,-0.428,0.198,-4.396","-6.616,3.388,-17.504,-0.944,-2.016,-5.652","-6.654,5.918,-20.088,-1.99,-4.53,-7.108","-7.618,9.974,-23.606,-3.278,-6.944,-8.454","-9.42,14.774,-28.774,-4.256,-9.662,-9.406","-11.7,19.158,-32.818,-5.428,-12.512,-9.68","-12.882,21.356,-33.152,-6.794,-14.63,-9.166","-11.342,21.298,-33.252,-6.756,-13.364,-9.032","-6.568,18.324,-32.514,-6.266,-13.522,-11.202","-0.858,13.514,-32.478,-6.132,-11.662,-10.49","6.16,7.508,-32.152,-6.294,-10.574,-8.576","16.252,0.484,-31.572,-7.374,-14.266,-10.41","31.724,-7.534,-25.998,-5.978,-14.996,-12.496","39.226,-15.108,-23.126,-1.082,-8.978,-11.358","39.226,-16.706,-27.558,0.65,-5.708,-9.78","39.226,-12.236,-15.214,2.062,-1.002,-6.304","34.194,-5.58,-10.6,4.578,-1.094,-4.802","34.992,0.554,-17.036,5.174,-0.334,-3.766","39.226,0.27,-17.834,1.02,-1.464,-2.426","39.226,-19.6,-0.79,-2.372,-4.406,-0.764","39.226,-36.924,12.598,-4.826,-6.432,-0.966","35.428,-19.592,7.734,-7.546,-7.604,-1.746","20.242,7.454,-0.972,-10.112,-7.64,-1.33","9.596,27.304,0.56,-7.796,-6.282,-0.852","5.418,32.384,-0.418,-2.696,-5.148,-1.698","0.646,17.456,-3.864,1.234,-4.228,-2.288","1.372,-2.328,-3.786,3.516,-4.202,-2.17","7.536,-14.93,5.12,4.944,-4.748,-2.05","14.68,-16.614,5.116,5.25,-5.428,-2.006","17.772,-17.33,1.654,3.822,-6.138,-1.806","18.948,-22.372,3.992,1.08,-6.34,-1.214","17.74,-23.102,7.97,-1.234,-5.912,-0.61","16.022,-15.884,11.37,-2.492,-4.93,-0.804","15.732,-6.39,13.438,-2.826,-3.82,-1.73","16.908,1.116,14.244,-2.48,-2.966,-2.596","21.196,4.084,15.556,-2.142,-3.014,-3.21"
"-11.646,0.006,4.49,0.156,2.916,0.878","-11.776,0.226,3.996,-0.21,3.202,0.93","-11.766,0.268,3.738,-0.512,3.548,1.026","-11.704,0.24,3.3,-0.806,3.882,1.178","-11.89,0.044,2.912,-1.134,4.182,1.35","-12.05,-0.438,2.366,-1.448,4.492,1.514","-12.038,-1.126,2.122,-1.804,4.826,1.674","-12.092,-1.538,1.472,-2.146,5.164,1.844","-12.454,-1.834,1.04,-2.454,5.486,2.028","-12.952,-1.958,0.5,-2.694,5.69,2.122","-13.224,-1.776,-0.246,-2.938,5.746,2.148","-13.084,-1.742,-1.042,-3.256,5.684,2.14","-12.762,-1.952,-2.538,-3.588,5.544,2.106","-12.48,-2.314,-4.056,-3.938,5.386,2.026","-12.704,-2.542,-6.076,-4.336,5.226,1.91","-13.008,-2.776,-7.986,-4.776,5.07,1.82","-13.012,-2.984,-9.592,-5.17,4.904,1.748","-12.88,-3.07,-10.546,-5.538,4.66,1.662","-12.844,-3.144,-10.458,-5.862,4.37,1.58","-12.706,-3.408,-10.65,-5.996,4.108,1.474","-12.404,-3.742,-10.934,-5.984,3.906,1.322","-12.456,-3.95,-11.026,-6.044,3.726,1.166","-12.74,-4.282,-11.256,-6.126,3.514,1.052","-12.762,-4.63,-11.94,-6.092,3.258,0.916","-12.53,-4.792,-12.844,-5.936,3.088,0.674","-12.344,-5.082,-13.866,-5.7,3.044,0.578","-12.074,-5.858,-14.68,-5.666,2.954,0.492","-11.662,-6.422,-15.038,-5.608,2.938,0.084","-11.138,-6.324,-14.646,-4.734,2.666,-0.786","-10.096,-5.528,-14.614,-3.356,1.252,-2.566","-8.336,-4.202,-14.826,-3.672,-0.738,-5.28","-7.484,-1.672,-14.952,-5.58,-2.802,-8.02","-7.712,3.132,-17.172,-6.402,-4.312,-10.064","-10.42,11.934,-23.6,-5.796,-5.964,-11.45","-16.344,24.05,-30.91,-5.284,-8.374,-12.19","-20.46,34.198,-33.83,-4.95,-11.04,-12.032","-17.26,34.79,-32.868,-2.864,-12.18,-11.796","-7.758,27.746,-32.364,1.346,-16.332,-15.172","0.698,19.742,-34.622,4.684,-10.298,-13.056","6.744,12.598,-34.106,6.906,0.722,-5.734","14.868,4.162,-30.638,5.436,-5.19,-3.496","27.678,-6.168,-26.54,7.472,-5.674,-2.45","39.226,-23.752,-15.766,11.198,0.606,2.544","39.226,-39.226,-16.278,22.464,-5.39,4.392","39.226,-39.226,11.124,25.944,-5.238,6.338","36.942,-28.222,24.51,22.928,-10.632,3.506","13.846,-6.798,-24.128,5.194,-12.36,2.268","29.102,-10.942,7.028,8.38,-7.2,7.002","15.906,3.678,-6.76,9.748,-6.914,7.566","1.894,26.662,-31.014,0.354,-3.588,12.958","-3.91,20.206,-38.284,-13.268,-2.912,13.364","2.59,-0.472,-19.314,-11.488,-3.708,11.96","37.474,14.842,18.604,-9.48,-3.156,10.582","39.226,38.774,-1.184,-8.184,-3.978,7.204","39.008,23.918,-3.234,-4.25,-5.436,4.312","35.468,8.012,12.428,-3.748,-5.88,3.916","21.468,-3.046,-4.472,-5.046,-5.77,4.184","15.284,-12.358,-5.0,-6.156,-5.248,4.23","11.182,-10.688,-0.01,-7.2,-4.586,4.37","11.138,-5.008,3.27,-7.194,-4.252,4.184"
"-11.394,-3.84,-1.044,-2.438,0.308,2.016","-11.952,-3.61,-1.192,-2.31,0.282,2.036","-12.562,-3.25,-1.872,-2.228,0.284,2.062","-12.886,-3.216,-1.722,-2.188,0.26,2.072","-12.766,-3.17,-1.176,-2.172,0.226,2.078","-12.408,-2.742,-1.082,-2.124,0.216,2.014","-11.862,-2.332,-1.024,-2.124,0.192,1.922","-11.5,-1.922,-0.92,-2.224,0.198,1.888","-11.422,-1.578,-1.054,-2.344,0.294,1.85","-11.372,-1.428,-1.15,-2.482,0.434,1.798","-11.37,-1.288,-1.336,-2.712,0.516,1.748","-11.254,-1.17,-1.46,-2.966,0.564,1.79","-10.814,-1.094,-0.976,-3.096,0.722,1.94","-10.246,-0.672,-0.498,-2.976,0.944,2.032","-9.714,-0.288,-0.374,-2.794,0.984,2.002","-9.276,-0.248,-0.398,-2.766,0.856,1.852","-8.73,-0.536,-0.448,-2.646,0.816,1.584","-8.262,-0.684,-0.614,-2.422,1.006,1.328","-8.61,-0.372,-2.014,-2.364,1.27,1.128","-9.75,-0.484,-3.804,-2.62,1.434,0.928","-10.76,-0.998,-4.006,-3.086,1.488,0.704","-11.048,-0.662,-3.61,-3.562,1.502,0.538","-10.576,0.65,-3.5,-3.862,1.456,0.318","-10.472,2.198,-3.92,-3.934,1.464,-0.156","-10.77,3.168,-4.884,-3.714,1.688,-0.942","-10.526,3.126,-6.112,-2.83,1.502,-2.226","-9.516,2.66,-7.108,-1.804,0.792,-3.734","-8.45,2.868,-8.226,-1.64,0.192,-5.046","-7.646,4.386,-10.18,-1.976,-0.73,-6.184","-7.634,7.676,-12.888,-2.332,-2.326,-7.568","-9.618,13.382,-15.646,-3.584,-3.778,-9.328","-11.448,19.376,-15.718,-4.244,-5.152,-10.958","-11.424,23.426,-14.754,-3.526,-6.464,-11.916","-11.978,26.724,-17.382,-3.07,-7.848,-12.21","-14.436,27.662,-20.398,-3.316,-9.352,-11.94","-12.904,22.872,-20.582,-2.782,-10.586,-11.428","-7.582,15.002,-19.872,-0.654,-10.796,-11.144","-1.12,7.088,-19.824,2.55,-8.866,-11.508","4.692,-1.048,-16.742,4.376,-5.746,-11.554","10.19,-8.902,-11.654,3.876,-0.148,-7.436","16.526,-13.284,-7.666,2.204,5.042,0.712","25.932,-13.13,-6.654,1.25,0.13,-0.068","37.932,-10.98,-6.052,5.474,-0.056,-1.41","39.226,-17.716,11.502,9.418,1.264,1.008","39.226,-23.048,14.098,9.132,-3.356,3.13","37.97,-30.488,25.716,3.956,-7.138,2.382","12.932,-18.33,-0.058,-0.282,-7.134,0.65","1.258,-2.696,-17.298,-1.65,-7.81,-0.582","3.812,9.026,-19.124,-1.194,-7.888,-0.74","-3.924,21.622,-18.766,0.44,-5.818,-0.55","-13.174,27.85,-1.314,2.204,-3.808,-0.982","-6.99,21.378,5.778,3.24,-2.856,-2.016","1.022,14.694,0.848,3.226,-2.656,-2.916","8.228,11.892,-1.154,2.16,-3.46,-2.952","15.656,9.326,1.082,0.62,-5.466,-2.282","18.452,6.322,0.972,-1.054,-7.076,-1.688","17.196,3.88,1.672,-2.046,-7.2,-1.684","14.138,3.666,4.226,-2.58,-6.742,-2.362","10.652,5.252,6.22,-2.708,-6.066,-3.304","8.828,6.822,8.37,-2.324,-4.704,-3.764"
"-8.198,-2.552,2.132,-1.262,2.992,0.654","-9.06,-2.656,1.666,-1.388,3.12,0.888","-8.67,-3.268,1.77,-1.702,3.194,1.07","-7.342,-3.966,1.786,-2.184,3.272,1.196","-6.306,-4.452,1.744,-2.684,3.472,1.324","-6.266,-4.56,1.68,-3.154,3.786,1.494","-7.384,-4.074,1.126,-3.566,4.114,1.708","-8.934,-3.528,0.736,-3.88,4.39,1.91","-9.962,-3.196,0.362,-4.25,4.614,2.064","-10.076,-3.136,-0.342,-4.7,4.85,2.19","-9.898,-3.414,-1.21,-5.08,5.014,2.232","-10.034,-3.7,-2.43,-5.41,5.046,2.196","-10.642,-3.676,-3.948,-5.774,4.972,2.182","-11.638,-3.744,-4.976,-6.11,4.808,2.224","-12.676,-3.866,-6.146,-6.39,4.6,2.278","-14.052,-3.59,-8.474,-6.682,4.346,2.392","-15.398,-3.328,-11.136,-6.89,3.986,2.512","-16.136,-3.544,-12.948,-6.81,3.44,2.51","-16.16,-3.952,-14.796,-6.442,2.628,2.392","-15.628,-4.272,-16.988,-6.026,1.544,2.204","-14.988,-4.894,-18.626,-5.686,0.458,1.944","-15.166,-5.572,-20.242,-5.362,0.032,1.894","-16.356,-6.064,-22.498,-4.886,0.188,2.082","-17.982,-6.948,-24.608,-4.526,0.592,2.342","-19.12,-8.656,-25.12,-4.996,1.202,2.522","-18.242,-10.118,-22.548,-5.978,1.524,2.162","-14.578,-9.872,-18.098,-7.224,1.204,1.106","-10.648,-6.876,-15.27,-7.556,0.196,-0.544","-8.884,-2.28,-14.222,-6.4,-0.792,-2.442","-9.18,1.746,-14.316,-4.048,-1.67,-4.746","-12.14,5.424,-16.658,-1.938,-2.808,-7.602","-15.172,8.632,-19.01,-1.9,-4.474,-9.832","-15.252,11.778,-20.534,-3.976,-7.76,-10.696","-11.776,15.054,-20.406,-6.066,-11.956,-10.368","-7.684,20.806,-20.184,-6.8,-14.08,-9.61","-4.004,27.938,-23.114,-7.19,-10.24,-7.95","2.548,30.186,-25.652,-7.634,-7.194,-8.034","11.086,26.01,-26.434,-5.418,-7.394,-10.26","21.764,18.504,-27.622,-1.734,-8.638,-10.892","36.296,7.964,-27.632,2.382,-10.034,-12.972","39.226,-8.488,-19.654,2.798,-10.622,-11.582","39.226,-27.294,-13.718,1.424,-10.938,-9.66","39.226,-33.176,-11.218,0.646,-9.78,-6.962","35.436,-29.148,-8.542,4.154,-7.11,-1.612","18.48,-15.336,-30.92,18.406,-10.46,-5.788","19.406,-10.534,-27.732,28.858,-6.042,-8.214","39.066,5.696,10.262,28.388,3.55,-3.604","36.74,26.418,-20.15,16.03,2.776,5.784","39.226,-1.41,-18.886,9.486,-7.76,8.19","30.88,-28.148,-23.06,10.906,-6.004,5.044","14.874,-28.522,-25.33,-0.2,-0.806,6.496","15.228,-25.15,-9.548,-7.944,-0.148,6.808","20.698,-7.084,-17.576,-6.154,-0.322,6.762","14.954,35.326,-3.506,-9.482,0.676,7.554","23.828,38.774,24.48,-6.308,-1.626,6.942","34.74,13.232,29.406,-4.044,-3.894,4.894","19.62,-2.848,25.878,-3.822,-4.044,3.68","8.766,-0.512,8.176,-1.752,-4.85,2.916","9.832,-2.552,17.346,-0.45,-5.276,2.34","5.372,-1.234,10.9,-0.142,-4.506,1.994"
"-12.062,-1.644,-5.086,-3.258,1.592,1.81","-11.88,-1.682,-5.112,-3.384,1.556,1.79","-11.584,-1.862,-5.054,-3.454,1.522,1.76","-11.406,-1.896,-5.286,-3.48,1.502,1.73","-11.33,-1.782,-5.656,-3.472,1.502,1.682","-11.24,-1.728,-5.79,-3.448,1.508,1.606","-11.068,-1.686,-5.928,-3.422,1.534,1.536","-10.846,-1.794,-6.37,-3.41,1.586,1.47","-10.436,-2.272,-6.748,-3.414,1.65,1.392","-9.906,-2.888,-6.984,-3.444,1.704,1.322","-9.278,-3.284,-6.76,-3.546,1.77,1.274","-8.658,-3.274,-6.256,-3.64,1.906,1.242","-8.286,-2.846,-6.052,-3.628,2.116,1.228","-8.25,-2.278,-6.314,-3.596,2.346,1.218","-8.204,-1.952,-6.746,-3.618,2.524,1.188","-7.97,-2.096,-6.986,-3.614,2.674,1.14","-7.624,-2.498,-7.426,-3.526,2.814,1.106","-7.284,-2.844,-8.188,-3.446,2.93,1.02","-7.126,-3.12,-8.79,-3.47,2.99,0.824","-7.264,-3.204,-9.268,-3.56,3.024,0.604","-7.606,-2.85,-9.918,-3.684,3.09,0.498","-7.956,-2.088,-10.792,-3.802,3.17,0.414","-8.192,-1.13,-12.118,-3.916,3.222,0.204","-8.148,-0.362,-13.938,-4.078,3.184,-0.188","-7.428,-0.168,-15.944,-3.888,2.972,-0.894","-6.018,-0.574,-17.578,-2.652,2.062,-2.162","-4.78,-0.658,-19.714,-0.91,0.242,-4.12","-4.464,0.208,-22.306,-0.494,-2.032,-6.318","-5.274,2.548,-23.42,-1.404,-4.244,-8.396","-7.264,7.528,-24.568,-2.434,-6.14,-10.188","-10.798,15.682,-29.688,-3.108,-8.072,-11.554","-14.45,25.304,-36.026,-3.608,-10.152,-12.27","-15.296,31.646,-37.038,-3.994,-12.164,-12.212","-12.594,32.082,-34.316,-4.112,-13.084,-11.568","-7.276,28.296,-33.122,-3.906,-14.166,-11.52","-1.344,21.708,-32.618,-3.404,-15.86,-12.558","5.368,14.162,-32.578,-0.464,-8.626,-9.884","13.894,6.226,-32.15,-0.288,-10.266,-9.044","25.676,-3.37,-30.536,2.156,-13.226,-10.476","39.226,-17.896,-23.722,6.268,-6.206,-8.544","39.226,-26.382,-36.272,5.702,-3.202,-4.608","39.226,-27.54,-32.592,4.558,-5.43,-3.406","39.226,-24.986,-4.464,3.476,-3.932,-1.242","35.662,-18.632,-8.072,1.846,-4.172,0.732","39.226,-21.186,-0.744,-2.232,-8.552,2.118","39.226,-24.76,25.552,-6.16,-9.798,1.918","31.688,-2.37,-1.502,-7.972,-8.128,0.918","21.316,9.682,-14.62,-8.976,-6.682,0.466","12.196,17.932,-20.02,-8.394,-5.408,0.376","9.15,22.428,0.418,-5.764,-4.71,-0.28","13.0,19.018,10.698,-1.95,-5.036,-1.188","18.618,5.426,3.524,1.22,-6.402,-1.61","22.676,-6.178,2.354,2.924,-7.696,-1.658","23.802,-12.788,2.552,2.998,-7.84,-1.674","20.606,-16.896,1.348,2.104,-7.264,-1.658","17.644,-21.25,4.698,1.042,-6.174,-1.1","16.748,-23.666,7.998,-0.03,-5.344,-0.5","18.936,-20.684,10.26,-0.862,-4.99,-0.744","24.704,-13.966,14.662,-1.07,-4.668,-1.746","29.808,-6.66,15.854,-1.012,-4.582,-2.954"
"-0.736,-6.222,0.214,-0.754,0.686,3.44","-0.498,-5.954,-0.092,-0.744,0.514,3.282","-1.024,-5.466,0.004,-0.716,0.394,3.146","-2.262,-4.834,0.088,-0.754,0.344,3.074","-3.794,-4.192,0.438,-0.858,0.324,3.038","-5.1,-3.398,0.902,-0.858,0.256,2.946","-6.068,-2.254,1.38,-0.79,0.24,2.796","-6.826,-0.97,2.068,-0.698,0.29,2.718","-7.518,-0.006,2.824,-0.476,0.34,2.764","-8.03,0.468,2.934,-0.284,0.386,2.826","-8.198,0.774,2.564,-0.29,0.486,2.842","-7.524,0.744,2.406,-0.464,0.72,2.852","-6.244,0.592,2.462,-0.636,1.094,2.926","-5.286,1.09,2.114,-0.658,1.418,3.056","-5.174,2.186,1.716,-0.674,1.654,3.03","-5.486,3.276,1.756,-0.878,1.736,2.624","-5.82,4.466,2.272,-1.102,1.738,2.016","-6.306,6.162,1.964,-0.992,1.756,1.524","-7.744,8.178,1.594,-0.594,1.626,1.26","-10.05,9.696,0.824,-0.148,1.42,1.116","-12.252,9.978,-0.228,0.32,1.196,0.96","-12.894,9.264,-1.088,0.8,0.908,0.714","-11.716,8.194,-2.544,1.098,0.492,0.448","-10.092,7.114,-4.04,1.132,-0.038,0.224","-8.646,6.318,-4.958,1.058,-0.636,0.054","-7.44,5.93,-4.982,0.978,-1.192,-0.06","-6.714,6.116,-5.094,0.996,-1.476,-0.204","-6.314,6.47,-5.224,0.948,-1.59,-0.468","-5.894,7.066,-5.442,0.954,-1.682,-0.872","-5.106,8.12,-6.584,1.242,-1.986,-1.46","-4.03,9.554,-7.506,0.748,-2.628,-2.426","-2.972,11.908,-8.792,-0.524,-3.774,-3.992","-2.538,14.848,-10.932,-1.972,-5.648,-6.202","-3.312,18.482,-13.578,-2.672,-6.942,-7.834","-5.994,23.036,-16.952,-2.188,-7.808,-8.262","-11.274,26.412,-17.588,-2.246,-8.844,-7.95","-18.658,26.716,-19.01,-3.85,-10.014,-6.75","-23.29,21.64,-20.128,-5.836,-11.12,-4.99","-15.672,12.55,-19.364,-5.784,-10.926,-3.674","-4.42,5.158,-19.554,-3.058,-12.422,-5.352","2.06,-1.286,-16.048,0.142,-11.948,-8.872","7.896,-9.738,-12.216,-1.61,-3.036,-6.042","14.098,-17.536,-12.046,-6.328,-1.322,-1.622","24.904,-22.022,-11.426,-11.82,-4.112,1.208","37.324,-20.784,-10.782,-12.844,-1.74,5.074","39.226,-10.648,-3.052,-14.472,-3.472,5.958","39.226,-4.714,27.986,-15.858,-5.418,2.044","38.524,6.566,25.77,-15.78,-6.01,-2.196","20.43,16.628,13.788,-13.552,-7.93,-3.858","8.268,25.562,0.07,-8.39,-8.05,-3.13","-6.092,33.714,-4.908,-2.176,-5.326,-2.902","-20.274,32.368,-6.264,1.862,-3.668,-3.19","-14.664,14.984,-4.598,3.256,-2.416,-2.464","-3.178,-5.242,-3.75,3.574,-1.634,-1.492","12.336,-24.068,3.624,3.624,-1.984,-1.028","29.538,-30.578,7.338,2.928,-2.858,-1.092","32.504,-22.124,4.994,1.766,-3.752,-1.17","29.234,-12.76,12.376,0.852,-4.596,-1.126","22.102,-6.362,19.324,0.288,-4.766,-0.998","11.692,-2.858,17.598,-0.226,-3.926,-0.594"
"-2.154,-2.416,5.28,1.348,3.684,-0.528","-1.876,-2.314,5.922,1.128,3.652,-0.738","-2.15,-2.578,5.188,0.782,3.574,-0.846","-3.126,-2.958,4.08,0.38,3.68,-0.836","-4.556,-3.19,3.12,-0.098,4.058,-0.66","-6.064,-3.198,2.164,-0.526,4.466,-0.29","-7.08,-3.252,1.714,-0.916,4.616,0.092","-7.01,-3.264,1.454,-1.332,4.426,0.194","-6.04,-3.06,0.9,-1.628,4.096,-0.05","-5.43,-2.852,0.532,-1.884,3.93,-0.272","-6.424,-2.77,0.18,-2.238,4.016,-0.162","-9.252,-2.588,-0.598,-2.658,4.216,0.176","-12.818,-2.078,-1.672,-3.038,4.41,0.536","-15.182,-1.026,-2.716,-3.462,4.586,0.798","-15.1,-0.14,-2.994,-3.834,4.78,0.95","-13.968,0.054,-2.814,-4.01,4.994,1.178","-14.01,0.214,-3.242,-4.03,5.16,1.448","-15.292,0.596,-3.928,-4.11,5.194,1.568","-16.592,0.664,-4.054,-4.33,5.226,1.61","-17.128,0.364,-4.908,-4.478,5.482,1.79","-16.986,-0.212,-6.088,-4.426,5.826,2.11","-17.584,-0.63,-7.24,-4.424,5.88,2.51","-18.978,-0.684,-8.796,-4.298,5.792,2.776","-19.272,-0.598,-10.148,-3.724,5.928,2.672","-17.932,-0.192,-11.114,-3.206,5.728,2.052","-16.984,0.4,-13.308,-3.066,4.972,1.084","-17.642,0.634,-14.814,-3.448,4.096,-0.09","-18.826,2.19,-15.544,-4.534,3.384,-1.452","-19.824,5.824,-19.866,-4.956,2.144,-2.776","-21.516,9.446,-24.418,-5.158,0.238,-4.234","-24.252,11.496,-25.25,-6.09,-1.772,-5.928","-25.354,12.89,-24.378,-6.956,-3.84,-7.534","-23.09,14.306,-23.572,-7.454,-6.4,-8.362","-21.002,16.132,-26.332,-8.072,-9.426,-8.006","-20.496,16.278,-27.79,-5.878,-11.3,-8.18","-17.798,12.858,-23.526,-1.054,-17.704,-12.168","-11.862,8.236,-20.156,2.216,-10.25,-8.806","-5.086,2.762,-17.294,2.082,-0.42,-4.258","4.112,-4.982,-14.946,-0.008,-0.604,-6.826","20.826,-13.856,-14.694,-4.45,-3.542,-5.152","39.226,-24.468,-24.524,0.082,-2.484,4.454","39.226,-30.944,-23.396,22.456,-3.912,5.752","39.184,-16.568,9.208,31.242,1.64,-1.864","36.552,15.62,21.606,33.484,-8.558,6.774","31.372,22.794,15.356,16.796,-16.09,3.32","26.364,17.452,4.216,-1.038,-1.71,-8.584","-2.618,12.274,-37.968,2.32,-2.202,7.728","-28.732,2.546,-39.226,-11.268,-7.376,15.776","-2.308,-22.818,-38.596,-19.08,-6.416,7.326","-0.24,9.89,-36.25,-21.332,-5.018,4.254","6.082,38.774,3.154,-17.992,-3.322,3.276","39.226,38.212,5.316,-12.372,-3.222,1.67","33.918,23.618,8.614,-8.826,-4.65,1.114","5.452,20.172,-6.968,-6.826,-5.49,0.966","16.242,8.014,-8.184,-5.6,-5.456,0.7","25.764,-5.284,-9.258,-5.004,-5.25,0.254","21.02,-15.574,-6.964,-4.66,-5.374,-0.312","11.578,-16.612,-0.396,-4.022,-5.986,-0.722","6.608,-10.568,4.026,-3.17,-6.528,-0.77","4.358,-6.658,5.052,-2.42,-6.544,-0.63"
"-10.848,-2.79,-8.698,-4.706,2.728,2.524","-10.486,-2.26,-8.66,-4.742,2.628,2.518","-9.9,-1.674,-9.076,-4.782,2.54,2.486","-9.344,-1.21,-9.694,-4.71,2.416,2.432","-8.874,-0.99,-9.742,-4.518,2.282,2.368","-8.444,-0.87,-9.754,-4.342,2.216,2.292","-7.896,-0.89,-9.948,-4.23,2.23,2.206","-7.368,-0.89,-10.1,-4.222,2.304,2.094","-6.98,-0.694,-10.186,-4.34,2.472,1.984","-6.58,-0.27,-10.004,-4.492,2.698,1.868","-6.034,0.29,-9.52,-4.512,2.932,1.716","-5.34,0.878,-9.27,-4.36,3.122,1.522","-4.59,1.304,-9.258,-4.178,3.256,1.254","-3.876,1.382,-9.306,-4.064,3.374,0.98","-3.372,1.338,-9.846,-4.008,3.406,0.756","-3.256,1.59,-10.716,-3.992,3.43,0.476","-3.51,2.144,-11.338,-3.746,3.478,-0.01","-3.862,2.632,-11.614,-3.304,3.424,-0.596","-3.996,2.788,-12.16,-3.022,3.188,-1.244","-4.004,2.808,-12.906,-2.426,2.604,-2.132","-4.09,3.306,-13.088,-1.016,1.514,-3.342","-4.54,4.844,-13.936,0.248,-0.142,-4.858","-5.208,6.808,-15.628,0.22,-2.086,-6.94","-6.094,9.256,-17.608,-0.988,-3.656,-9.144","-7.694,13.734,-20.638,-1.73,-5.17,-10.778","-9.536,19.968,-24.614,-1.824,-7.072,-11.634","-10.724,25.792,-28.23,-2.382,-9.312,-11.746","-10.478,29.084,-29.752,-3.088,-11.644,-10.972","-6.318,28.184,-29.24,-4.032,-13.65,-9.532","-0.114,24.282,-29.904,-5.472,-14.582,-8.672","6.178,18.51,-29.192,-6.274,-13.732,-9.244","12.86,12.314,-28.1,-5.106,-12.434,-9.898","20.272,6.022,-29.666,-2.83,-13.24,-10.312","29.826,-1.854,-29.79,0.37,-10.754,-11.222","39.226,-10.728,-25.392,2.168,-4.854,-10.39","39.226,-18.942,-21.36,0.428,-1.23,-6.454","39.226,-24.408,-19.892,0.976,-3.16,-4.852","39.226,-24.46,-16.454,1.928,-0.818,-3.156","39.226,-18.708,-3.25,-1.966,-2.594,-2.764","39.226,-17.004,18.166,-5.774,-10.202,-2.952","39.226,-20.38,29.02,-8.194,-13.046,-3.516","26.264,-6.466,5.918,-8.558,-12.86,-2.568","11.524,10.382,-14.942,-9.226,-11.286,-1.284","-1.07,32.394,-23.442,-5.728,-8.3,-4.834","-8.796,38.774,-19.562,0.872,-6.696,-6.926","-1.552,27.592,-11.848,5.26,-4.43,-4.0","11.216,0.252,-20.922,7.158,-4.444,-2.93","27.924,-20.722,-22.132,6.876,-6.126,-3.6","39.226,-23.788,-5.052,4.636,-6.922,-3.546","39.226,-22.266,-19.822,1.314,-6.848,-2.772","39.226,-25.512,-9.14,-2.378,-6.838,-1.668","37.01,-19.894,6.874,-4.058,-6.892,-1.404","29.06,-14.224,17.134,-3.844,-6.472,-1.944","30.046,-5.306,23.084,-2.79,-5.514,-2.57","32.916,3.552,20.02,-0.926,-4.798,-3.002","33.222,2.388,18.712,0.06,-4.324,-3.16","31.054,-5.1,18.03,0.154,-3.956,-3.242","29.444,-13.118,17.232,0.004,-3.592,-3.32","30.464,-17.48,17.108,-0.046,-3.258,-3.314","30.854,-17.988,16.61,0.312,-2.998,-3.356"
"-8.118,-2.238,-0.862,-4.25,4.798,1.414","-7.918,-2.35,-1.586,-4.69,4.83,1.506","-8.18,-2.226,-2.12,-5.036,4.918,1.604","-8.732,-1.764,-2.788,-5.276,4.934,1.718","-9.346,-1.212,-3.574,-5.532,4.858,1.83","-9.604,-0.922,-4.166,-5.76,4.788,1.922","-9.188,-0.954,-4.83,-5.882,4.766,2.014","-8.968,-0.812,-5.912,-5.992,4.756,2.104","-9.41,-0.574,-7.072,-5.98,4.748,2.196","-10.086,-0.58,-7.778,-5.754,4.822,2.278","-10.41,-0.66,-8.51,-5.536,4.902,2.254","-10.414,-0.766,-9.584,-5.5,4.92,2.098","-10.348,-1.072,-10.348,-5.492,4.862,1.848","-10.234,-1.144,-10.776,-5.378,4.772,1.66","-10.142,-0.712,-11.35,-5.246,4.748,1.498","-10.496,0.006,-12.104,-5.134,4.76,1.308","-10.888,0.596,-12.696,-5.01,4.724,0.964","-10.806,1.224,-13.848,-5.008,4.778,0.46","-9.968,1.552,-14.788,-4.946,4.87,-0.276","-8.816,1.338,-15.432,-4.398,4.654,-1.258","-7.436,0.494,-16.248,-3.088,3.58,-2.34","-6.11,0.062,-17.802,-1.878,1.762,-3.83","-4.732,0.488,-19.386,-2.16,-0.71,-5.884","-3.96,2.65,-22.69,-3.662,-3.53,-8.1","-4.55,7.436,-29.206,-5.616,-6.416,-9.966","-6.04,14.138,-36.518,-7.446,-9.662,-10.936","-8.042,21.608,-39.226,-8.72,-12.564,-10.454","-10.266,26.622,-39.226,-9.242,-13.198,-9.218","-10.252,25.126,-39.176,-7.942,-11.394,-9.196","-5.686,18.212,-37.76,-5.678,-11.974,-11.596","1.358,10.01,-37.484,-2.904,-11.83,-11.312","10.64,1.568,-39.088,-1.632,-13.288,-9.796","22.17,-6.738,-36.074,-1.028,-12.788,-10.31","36.756,-16.942,-25.87,-3.884,-6.69,-11.67","39.226,-26.834,-28.644,-4.212,-5.278,-6.498","39.226,-32.77,-27.318,-7.158,-9.614,1.626","39.226,-31.122,-11.796,-4.096,-4.158,-0.698","39.226,-19.416,2.542,5.422,-6.842,-8.574","39.226,-1.494,22.684,4.538,-6.21,-7.61","39.226,26.9,20.712,4.284,-8.982,-5.73","36.294,6.18,-8.4,6.812,-11.932,-3.266","28.596,-18.14,-8.85,3.944,-10.31,1.508","2.812,-6.576,-20.624,2.492,-3.876,1.15","7.73,13.628,-8.376,1.066,0.508,-0.398","10.686,36.336,-7.234,1.778,-2.292,1.938","18.93,26.83,-9.064,2.782,-6.366,1.018","38.08,-5.272,0.692,2.822,-5.396,0.742","39.226,-14.618,2.202,3.558,-6.156,0.234","30.258,-4.914,8.322,3.55,-7.5,-0.544","22.966,-1.722,10.104,2.362,-7.456,-0.462","12.202,3.396,7.294,0.188,-6.76,0.47","18.516,-3.854,12.488,-2.09,-6.22,1.416","18.408,-6.744,13.914,-3.534,-5.58,1.718","17.104,-2.268,14.796,-4.418,-5.08,1.438","20.35,3.726,16.292,-4.816,-4.906,0.826","23.404,7.53,16.668,-4.88,-4.96,0.184","24.8,7.454,16.29,-4.786,-4.988,-0.33","25.478,4.262,18.274,-4.62,-4.866,-0.848","24.616,0.722,20.152,-4.336,-4.418,-1.484","21.5,-1.654,19.452,-3.784,-3.906,-2.192"
"-8.444,-7.648,-0.568,-4.088,3.618,2.748","-8.876,-6.812,-0.55,-4.126,3.724,2.89","-9.548,-6.096,-0.18,-4.116,3.822,3.034","-10.28,-5.49,-0.23,-4.13,3.924,3.156","-10.846,-5.066,-0.918,-4.204,4.008,3.268","-11.016,-4.878,-1.474,-4.354,4.078,3.39","-10.808,-4.878,-1.822,-4.548,4.13,3.508","-10.516,-4.718,-2.224,-4.754,4.114,3.57","-10.28,-4.258,-2.654,-4.95,4.002,3.574","-10.212,-3.596,-3.234,-5.12,3.804,3.516","-10.32,-2.892,-3.96,-5.21,3.616,3.464","-10.684,-2.194,-4.784,-5.262,3.47,3.45","-11.304,-1.47,-5.678,-5.306,3.292,3.366","-11.978,-0.72,-6.502,-5.336,3.108,3.24","-12.436,-0.116,-7.054,-5.32,2.916,3.1","-12.504,0.288,-7.286,-5.226,2.772,2.96","-12.404,0.592,-7.61,-5.006,2.712,2.792","-12.58,1.0,-8.31,-4.524,2.628,2.608","-12.652,1.228,-8.466,-4.096,2.486,2.416","-12.568,1.156,-8.214,-3.994,2.36,2.14","-12.184,0.902,-7.884,-4.042,2.314,1.74","-11.86,0.968,-7.822,-3.962,2.348,1.284","-11.94,1.724,-8.398,-3.932,2.134,0.628","-12.108,2.614,-8.332,-3.866,1.584,-0.336","-12.014,3.506,-7.386,-3.16,0.76,-1.58","-11.632,4.85,-7.068,-2.206,-0.53,-3.086","-11.15,6.696,-8.618,-2.136,-1.94,-4.692","-11.404,8.912,-10.842,-2.562,-2.826,-6.274","-12.088,12.03,-13.302,-3.04,-3.326,-7.722","-13.14,16.652,-16.272,-3.322,-3.972,-9.186","-14.394,21.45,-18.116,-3.75,-4.738,-10.348","-14.672,24.426,-17.23,-4.164,-5.414,-10.85","-12.84,24.386,-15.924,-3.988,-6.278,-11.014","-9.086,20.714,-15.596,-4.016,-7.836,-11.116","-5.736,15.288,-16.332,-4.292,-10.74,-11.058","-1.782,9.228,-15.17,-4.384,-16.116,-11.584","3.226,3.344,-12.036,-2.848,-13.8,-10.994","8.122,-1.608,-10.276,-0.066,-3.292,-7.12","13.302,-6.544,-10.324,-0.474,1.448,-3.398","20.564,-11.704,-14.176,-2.24,1.544,-1.44","31.85,-17.126,-24.546,-2.188,2.784,0.468","39.226,-21.042,-27.336,4.334,5.278,1.478","39.226,-27.792,-3.638,8.332,-2.91,2.278","39.226,-33.296,18.542,-2.168,-11.046,-0.632","35.058,-33.772,23.558,-5.22,-10.224,-4.45","19.594,-26.332,4.696,-5.81,-9.68,-4.514","-2.932,4.37,-23.416,-7.5,-9.402,-2.754","-21.428,36.37,-34.222,-2.394,-6.792,-1.792","-38.872,38.774,6.754,2.052,-4.774,-1.31","-14.056,32.138,4.728,3.354,-2.636,-0.974","7.192,10.218,-10.154,4.394,-2.33,-1.554","18.53,0.598,-6.0,6.252,-3.854,-2.098","29.132,-1.306,-5.4,6.742,-5.326,-2.038","26.204,-7.592,-12.268,4.76,-6.6,-1.732","24.212,-14.804,-4.576,1.472,-7.502,-1.192","19.846,-16.114,4.506,-1.434,-8.12,-0.382","13.178,-11.798,5.232,-3.296,-8.424,0.222","9.076,-5.83,4.85,-4.49,-7.948,0.12","6.5,-1.036,7.464,-5.144,-7.402,-1.094","5.202,1.538,9.112,-5.28,-7.142,-3.024"
"-7.018,-6.276,-0.4,-2.928,1.672,1.09","-8.32,-5.636,-1.134,-2.986,1.672,1.112","-9.284,-5.212,-1.854,-3.048,1.692,1.104","-9.714,-5.028,-2.704,-3.176,1.684,1.098","-9.618,-5.124,-3.338,-3.404,1.634,1.096","-9.148,-5.536,-3.372,-3.644,1.596,1.094","-8.866,-5.784,-3.35,-3.76,1.57,1.118","-9.072,-5.622,-3.628,-3.79,1.562,1.214","-9.476,-5.278,-3.708,-3.834,1.61,1.354","-9.962,-5.024,-3.372,-3.91,1.71,1.458","-10.314,-4.884,-2.994,-3.94,1.824,1.522","-10.66,-4.864,-3.368,-3.88,1.954,1.596","-11.12,-4.922,-4.09,-3.8,2.07,1.654","-11.71,-4.882,-4.398,-3.81,2.178,1.706","-12.468,-4.55,-4.61,-3.888,2.326,1.716","-13.282,-4.022,-5.05,-4.004,2.588,1.736","-14.072,-3.522,-5.544,-4.2,2.912,1.808","-14.8,-3.03,-6.242,-4.48,3.18,1.874","-15.19,-2.508,-6.718,-4.83,3.306,1.932","-15.118,-1.68,-7.058,-5.212,3.27,1.932","-14.552,-0.804,-7.54,-5.528,3.206,1.94","-13.99,0.044,-8.526,-5.446,3.056,1.888","-14.22,1.028,-10.032,-4.838,2.68,1.602","-15.096,2.012,-11.178,-4.228,2.336,0.97","-16.086,3.124,-12.108,-3.816,1.938,-0.288","-16.552,4.682,-13.52,-3.204,1.268,-1.98","-17.312,7.276,-15.714,-1.89,-0.246,-3.976","-18.546,10.514,-17.682,-1.88,-2.358,-6.396","-18.618,13.18,-18.416,-2.156,-4.304,-8.484","-16.944,15.974,-21.7,-1.248,-7.058,-9.882","-14.2,19.844,-28.112,-1.884,-10.17,-10.516","-12.436,24.396,-35.308,-3.42,-12.636,-10.52","-10.002,25.776,-34.944,-4.582,-13.492,-10.24","-4.666,26.806,-35.12,-6.006,-11.398,-10.134","0.536,28.018,-39.226,-7.266,-10.752,-11.342","6.98,21.852,-37.404,-7.498,-12.044,-11.672","16.008,13.582,-31.18,-5.652,-11.906,-11.356","28.278,7.23,-26.96,-0.558,-10.306,-12.208","39.226,-0.708,-17.862,5.412,-6.112,-11.476","39.226,-9.006,-13.582,6.73,3.952,-7.54","39.226,-15.844,-16.736,4.872,-0.746,-3.906","39.226,-23.676,-19.798,2.946,-3.932,-1.136","39.226,-30.966,-20.902,-7.428,-1.804,2.576","39.226,-37.994,-18.106,-12.216,-8.358,2.594","39.226,-39.226,25.882,-11.338,-10.194,0.676","34.314,-28.93,37.408,-11.91,-8.278,-1.89","7.866,5.614,-13.0,-13.068,-7.996,-2.27","4.278,31.386,-20.924,-9.56,-6.7,-2.036","-8.232,38.774,-27.436,-0.91,-5.148,-2.748","-5.206,34.896,-9.362,4.552,-4.466,-2.86","1.574,10.558,-15.96,6.526,-3.652,-3.238","11.626,-12.144,-10.994,8.692,-3.876,-3.416","23.486,-20.406,-5.412,10.03,-4.966,-2.524","27.742,-23.07,-15.038,8.67,-5.958,-1.382","23.036,-23.942,-14.854,5.548,-6.558,-0.778","19.044,-21.1,-2.228,1.964,-6.674,-0.23","16.356,-15.426,2.626,-1.994,-6.814,-0.164","15.78,-9.856,4.994,-3.662,-5.71,-1.148","16.53,-4.116,10.472,-4.41,-4.534,-0.802","16.784,0.71,13.36,-5.128,-4.224,-0.602"
"-9.754,-3.662,-3.668,-4.004,2.66,2.532","-10.13,-3.114,-4.102,-3.844,2.598,2.484","-10.276,-2.942,-4.498,-3.632,2.638,2.422","-10.224,-2.96,-4.626,-3.452,2.774,2.37","-10.144,-2.94,-4.464,-3.264,2.93,2.324","-10.088,-2.828,-4.124,-3.02,3.112,2.294","-9.916,-2.64,-3.492,-2.678,3.258,2.242","-9.53,-2.2,-2.99,-2.36,3.336,2.134","-9.0,-1.718,-3.002,-2.178,3.418,1.962","-8.718,-1.33,-3.294,-2.142,3.576,1.75","-8.71,-1.248,-3.646,-2.252,3.828,1.554","-8.95,-1.462,-4.096,-2.386,4.094,1.336","-9.12,-1.72,-4.166,-2.558,4.252,1.146","-8.852,-1.72,-3.894,-2.898,4.314,1.052","-8.238,-1.372,-3.772,-3.43,4.45,1.006","-7.534,-0.732,-4.02,-3.914,4.67,1.03","-7.264,0.406,-5.108,-4.146,4.872,1.142","-7.16,1.534,-6.632,-4.168,5.05,1.2","-6.6,2.05,-8.24,-4.212,5.206,1.092","-5.576,2.128,-9.92,-4.05,5.178,0.772","-4.388,2.176,-11.668,-3.55,4.748,0.262","-3.384,2.48,-13.33,-3.174,4.048,-0.386","-3.124,3.258,-15.218,-2.736,3.26,-1.102","-3.716,4.308,-16.886,-2.024,2.216,-2.048","-5.188,6.038,-18.354,-0.972,0.822,-3.4","-7.158,8.414,-19.81,-0.15,-0.95,-4.968","-8.728,10.74,-20.298,-0.656,-2.908,-6.698","-9.412,13.952,-21.4,-1.564,-4.498,-8.452","-9.924,19.058,-24.046,-2.214,-5.638,-10.028","-10.684,25.786,-27.432,-2.6,-6.688,-11.128","-10.95,30.948,-29.15,-2.638,-7.976,-11.542","-10.25,32.172,-27.204,-2.874,-9.574,-11.238","-7.462,30.45,-26.174,-3.568,-11.342,-10.622","-2.724,26.122,-26.686,-4.458,-12.816,-10.014","2.588,19.728,-27.048,-4.584,-12.71,-9.648","7.756,12.354,-27.09,-2.76,-11.938,-10.856","12.828,4.762,-26.714,-0.73,-9.982,-11.398","17.922,-2.492,-26.658,0.648,-5.984,-8.992","24.73,-9.718,-25.538,1.312,-4.722,-5.552","35.382,-16.606,-21.278,0.186,-3.594,-3.6","39.226,-23.044,-17.4,4.314,-1.504,-3.632","39.226,-30.98,-14.264,11.99,-0.33,-3.232","39.226,-36.56,9.488,9.188,-8.908,-2.33","39.226,-37.914,16.646,2.04,-19.22,-1.352","37.11,-34.344,3.634,5.306,-17.528,-1.454","14.868,-17.114,-19.794,5.078,-15.242,-0.256","-1.824,11.924,-35.792,-1.862,-7.962,2.422","-11.052,38.774,-31.756,1.72,-6.946,-1.592","-8.444,38.774,-7.236,2.748,-11.08,0.778","13.294,30.482,-16.888,-0.672,-9.432,3.656","23.682,4.876,-35.416,-2.168,-8.556,2.266","39.226,-19.538,-18.162,-2.216,-10.114,1.134","39.226,4.414,-22.476,-3.73,-11.644,-0.004","39.226,10.494,-18.932,-4.248,-11.666,0.084","39.226,6.004,-7.416,-2.532,-10.92,-0.054","39.226,1.15,-2.08,-1.142,-9.462,-0.362","39.132,-12.408,-2.744,0.206,-8.568,-0.496","37.066,-15.802,-2.592,0.884,-8.432,-0.79","39.226,-14.308,-6.732,0.152,-8.306,-1.08","39.226,-14.936,-11.172,-2.058,-8.216,-1.282"
"-8.618,-2.606,3.732,-2.162,3.936,1.328","-8.952,-2.746,3.19,-2.764,4.158,1.31","-9.152,-3.188,2.99,-3.336,4.394,1.162","-9.486,-3.35,2.594,-3.76,4.684,1.086","-9.95,-3.246,1.632,-4.054,4.988,1.122","-10.692,-3.146,1.488,-4.266,5.17,1.204","-11.39,-2.732,1.398,-4.34,5.198,1.348","-11.158,-2.412,0.216,-4.312,5.096,1.474","-9.96,-3.12,-0.966,-4.402,5.032,1.57","-8.97,-4.398,-2.252,-4.538,5.01,1.644","-9.082,-5.45,-3.208,-4.712,4.872,1.674","-9.674,-5.962,-4.222,-5.044,4.716,1.714","-10.182,-5.916,-5.794,-5.476,4.58,1.732","-10.198,-5.574,-6.95,-5.844,4.378,1.74","-9.906,-5.072,-7.924,-6.084,4.072,1.724","-9.942,-4.678,-9.0,-6.274,3.658,1.654","-10.06,-4.476,-9.73,-6.286,3.088,1.522","-10.328,-4.038,-10.35,-6.144,2.51,1.432","-10.912,-3.35,-11.484,-6.114,2.142,1.48","-11.836,-2.808,-12.638,-6.056,1.994,1.498","-12.878,-2.852,-13.148,-5.64,2.134,1.47","-13.55,-3.128,-13.394,-5.008,2.278,1.472","-13.338,-3.514,-12.852,-4.59,2.206,1.436","-12.142,-4.206,-11.156,-4.41,2.04,1.364","-10.88,-4.344,-10.034,-4.466,1.89,1.23","-9.874,-3.584,-10.232,-4.908,1.848,0.884","-9.45,-2.448,-10.294,-5.018,1.842,0.338","-9.712,-1.364,-9.16,-4.344,1.66,-0.462","-9.622,-0.238,-7.332,-2.86,1.188,-1.636","-8.692,1.272,-6.358,-1.47,-0.012,-3.18","-7.676,3.016,-6.33,-1.412,-1.692,-5.164","-7.076,5.694,-8.326,-2.152,-2.976,-7.476","-7.624,10.232,-12.062,-2.774,-4.252,-9.702","-9.396,16.802,-16.67,-3.22,-6.102,-11.162","-11.954,23.916,-20.328,-2.978,-8.654,-11.472","-14.218,29.294,-19.342,-2.734,-11.574,-10.47","-12.96,30.488,-18.352,-1.528,-14.128,-9.336","-7.852,25.542,-20.966,0.726,-16.002,-11.02","-1.464,17.018,-22.896,2.82,-10.348,-11.536","4.94,8.32,-25.124,5.974,-5.658,-7.058","13.054,-2.02,-26.308,4.464,-3.658,-3.504","24.322,-14.96,-24.984,3.032,-6.004,-4.202","39.17,-28.834,-19.792,7.222,-1.86,-0.482","39.226,-37.572,-12.536,10.754,2.094,3.476","39.226,-39.226,7.082,12.904,-3.554,2.58","39.226,-33.564,32.362,13.308,-9.572,0.454","25.314,-15.574,0.672,10.154,-10.84,1.848","17.768,-14.22,-32.382,3.576,-11.786,3.286","17.906,-3.998,-18.596,-3.106,-11.428,5.314","-0.202,24.862,-30.974,-3.25,-8.57,5.566","-7.33,38.774,-37.804,-6.666,-5.644,6.572","4.71,36.078,-19.552,-10.668,-6.228,5.408","10.356,18.452,-7.58,-9.298,-9.432,4.89","25.612,8.656,-6.844,-8.466,-11.164,5.02","39.226,10.804,-8.598,-10.33,-9.858,0.904","37.282,7.21,-1.35,-9.76,-10.106,-0.182","22.278,12.714,4.23,-8.072,-10.058,0.448","20.244,7.388,-3.428,-5.98,-9.444,0.662","27.304,-9.126,-7.344,-4.734,-8.434,0.48","23.518,-10.7,-0.148,-3.24,-7.58,-0.224"
"-8.14,-1.186,-0.44,-2.916,4.066,0.808","-8.158,-1.326,-1.0,-3.282,4.024,0.824","-8.208,-1.21,-1.796,-3.72,3.978,0.832","-8.398,-0.976,-2.52,-4.098,3.926,0.826","-8.62,-0.76,-3.032,-4.384,3.916,0.818","-8.812,-0.648,-3.492,-4.66,3.938,0.808","-9.11,-0.686,-3.892,-4.882,3.892,0.818","-9.482,-0.89,-4.538,-5.108,3.804,0.894","-9.758,-1.106,-5.36,-5.362,3.722,0.958","-9.724,-1.262,-6.134,-5.56,3.608,0.966","-9.624,-1.452,-6.674,-5.722,3.444,0.97","-9.748,-1.554,-7.144,-5.89,3.322,1.032","-9.944,-1.638,-7.284,-5.998,3.254,1.1","-10.29,-1.512,-7.388,-5.954,3.228,1.096","-10.678,-1.142,-7.916,-5.732,3.26,1.014","-10.85,-0.876,-8.662,-5.418,3.226,0.97","-10.676,-0.906,-9.152,-5.18,3.152,1.008","-10.466,-0.966,-9.408,-5.082,3.196,1.052","-10.294,-1.004,-9.764,-5.1,3.334,1.052","-10.126,-1.206,-10.356,-5.234,3.416,0.916","-9.82,-1.434,-10.93,-5.486,3.502,0.77","-9.328,-1.634,-10.604,-5.518,3.542,0.724","-8.806,-1.276,-9.514,-5.324,3.512,0.704","-8.308,-0.368,-9.106,-5.278,3.51,0.55","-8.236,0.814,-10.066,-5.038,3.568,0.146","-8.092,1.576,-11.666,-4.228,3.4,-0.378","-7.682,1.888,-13.35,-3.054,2.78,-1.324","-7.206,1.938,-14.896,-1.706,1.226,-2.83","-6.572,1.838,-16.09,-1.366,-1.23,-4.76","-6.176,3.192,-19.314,-2.322,-3.638,-7.102","-5.864,6.808,-24.586,-3.434,-6.104,-9.396","-6.646,13.684,-31.522,-4.274,-9.872,-10.72","-8.712,24.008,-39.226,-5.29,-14.478,-10.162","-10.904,33.688,-39.226,-6.238,-12.966,-7.866","-11.344,35.206,-39.124,-6.004,-11.566,-8.864","-7.576,28.236,-38.916,-4.43,-13.94,-10.026","-0.888,18.66,-39.226,-3.034,-14.22,-10.58","7.098,8.42,-39.226,-1.246,-15.976,-14.322","26.018,-5.024,-37.31,1.826,-14.98,-19.234","39.226,-13.598,-25.13,7.024,-12.982,-17.858","39.226,-21.048,-32.938,12.834,-0.602,-13.494","39.226,-27.718,-10.562,9.216,0.002,-8.52","39.226,-22.43,-0.9,3.83,-8.856,0.052","39.226,-5.108,-8.01,6.028,-14.754,3.256","39.226,7.986,-22.308,6.75,-17.502,0.008","39.226,5.508,-19.28,7.724,-11.944,-4.542","36.9,14.44,24.36,5.876,-5.3,-3.936","20.62,25.92,-10.606,2.85,-5.918,1.39","2.554,24.544,-30.364,-0.48,-7.824,4.814","2.328,5.672,-35.094,-2.54,-8.098,4.65","26.66,-3.468,-30.398,-3.12,-8.146,3.57","39.226,7.916,-13.518,-3.372,-8.692,2.734","39.226,25.83,0.644,-3.442,-9.052,2.524","37.284,23.778,7.38,-3.71,-8.568,2.518","28.166,12.326,7.72,-3.878,-7.624,2.216","22.79,5.838,6.874,-3.526,-7.042,2.232","23.258,5.294,6.6,-2.616,-5.786,1.842","25.9,6.208,5.26,-1.954,-5.058,0.754","28.726,4.726,5.794,-1.558,-4.896,-0.058","30.194,1.872,7.672,-1.34,-4.506,-0.548"
"-7.892,-3.298,4.932,-2.15,1.694,2.3","-8.394,-2.758,5.13,-1.848,1.728,2.36","-9.034,-2.078,5.016,-1.49,1.79,2.426","-9.424,-1.422,4.682,-1.172,1.856,2.49","-9.592,-1.42,4.594,-1.044,1.908,2.612","-9.688,-1.942,4.334,-1.084,1.932,2.732","-9.434,-2.582,4.398,-1.088,1.972,2.764","-9.08,-2.638,4.66,-1.036,2.01,2.774","-9.036,-1.752,4.492,-0.996,2.036,2.784","-9.038,-0.668,4.714,-0.87,2.03,2.774","-8.928,0.26,5.1,-0.786,1.95,2.816","-8.784,1.12,4.422,-0.872,1.828,2.88","-8.358,1.366,3.68,-1.012,1.7,2.896","-7.752,1.22,3.304,-1.16,1.596,2.872","-7.344,1.312,2.56,-1.24,1.514,2.818","-6.858,1.5,2.018,-1.25,1.43,2.742","-6.304,1.71,2.03,-1.25,1.362,2.652","-5.826,2.146,1.594,-1.114,1.25,2.622","-5.328,2.506,0.912,-0.926,1.194,2.602","-5.08,2.796,0.282,-0.792,1.222,2.496","-5.06,3.026,-0.426,-0.716,1.236,2.322","-5.278,2.996,-1.06,-0.53,1.408,1.942","-5.378,2.766,-1.64,0.214,2.216,1.186","-5.396,2.576,-2.132,2.002,3.52,0.254","-5.784,2.694,-2.878,3.76,2.954,-0.046","-6.494,3.402,-4.222,3.608,-1.476,-0.154","-7.71,5.35,-5.812,2.036,-6.178,-1.426","-10.192,9.862,-9.856,0.326,-7.416,-2.99","-14.87,17.622,-17.228,-1.272,-7.742,-3.73","-21.32,26.282,-25.778,-2.956,-9.986,-4.112","-29.32,30.79,-32.278,-5.404,-14.36,-3.356","-32.774,28.682,-30.748,-7.58,-17.062,-2.18","-20.454,20.272,-23.606,-7.518,-14.754,-3.65","-6.24,10.528,-19.44,-5.776,-10.86,-7.006","-0.85,1.786,-20.86,-5.15,-9.748,-7.98","4.66,-10.066,-26.248,-1.95,-11.46,-9.216","13.022,-21.138,-30.78,-5.696,-11.704,-13.022","25.458,-23.192,-28.002,-10.7,-11.298,-12.868","36.25,-14.8,-22.21,-9.244,-5.298,-4.368","28.726,-3.218,-17.806,-15.406,-3.136,3.262","16.642,13.35,-27.322,-18.43,0.844,5.902","29.958,25.822,-0.292,-13.428,3.524,-1.044","39.226,23.554,19.046,-10.258,-4.812,-7.106","39.226,9.566,-14.782,-12.004,-15.892,-8.262","38.826,-5.39,-6.942,-5.354,-20.172,-5.91","25.136,3.764,1.232,4.298,-13.206,-0.432","-14.528,31.622,-15.488,6.734,-4.182,0.382","-32.15,38.774,-30.856,7.976,-0.134,-3.232","-24.38,20.962,1.764,13.586,-0.932,-2.584","6.172,4.212,-20.672,16.296,-2.66,-1.222","37.094,-17.722,-33.256,15.38,-3.38,-1.92","39.226,-38.252,-12.124,13.974,-3.558,-1.366","35.028,-38.292,-0.324,12.148,-3.82,-0.204","21.52,-26.17,-9.53,8.496,-4.15,0.772","14.334,-14.384,-2.828,5.152,-4.548,1.714","11.54,-3.832,4.612,2.328,-4.88,2.55","16.4,1.718,7.044,-0.23,-4.79,2.988","20.298,6.568,8.388,-1.38,-4.802,3.06","21.254,9.106,12.846,-1.046,-4.626,2.842","22.428,7.534,13.184,-0.082,-4.188,2.156"
"-8.086,-4.118,-2.426,-4.462,1.234,1.454","-8.346,-3.428,-2.82,-4.402,0.958,1.328","-8.62,-3.34,-3.306,-4.424,0.78,1.218","-8.976,-3.738,-3.42,-4.524,0.768,1.144","-9.332,-4.278,-3.434,-4.566,0.808,1.008","-9.556,-4.554,-3.708,-4.484,0.876,0.852","-9.702,-4.44,-4.122,-4.306,0.93,0.758","-9.632,-4.254,-3.832,-4.144,0.942,0.754","-9.506,-4.036,-2.874,-4.102,0.92,0.774","-9.646,-3.542,-2.196,-4.096,0.894,0.716","-9.894,-3.016,-2.114,-4.038,0.846,0.656","-10.052,-2.686,-2.558,-3.866,0.792,0.588","-10.29,-2.584,-3.188,-3.546,0.796,0.458","-10.604,-2.626,-3.482,-3.276,0.822,0.422","-10.992,-2.516,-3.622,-3.114,0.904,0.41","-11.122,-2.32,-4.018,-3.05,0.998,0.46","-11.038,-1.99,-4.482,-3.1,1.048,0.58","-11.004,-1.464,-5.02,-3.276,1.142,0.564","-10.61,-1.242,-5.51,-3.342,1.308,0.386","-10.422,-1.066,-5.788,-3.142,1.426,0.222","-10.352,-0.712,-5.962,-2.986,1.382,0.296","-10.162,-0.148,-6.264,-3.02,1.22,0.228","-10.126,0.768,-6.756,-3.008,1.248,0.09","-10.052,1.64,-7.944,-2.644,1.386,-0.014","-10.018,2.052,-9.872,-1.792,1.534,-0.392","-9.634,1.744,-11.268,-0.72,1.4,-1.138","-9.586,1.776,-11.862,0.088,0.96,-2.248","-9.22,2.608,-12.392,0.12,0.226,-3.772","-8.864,4.684,-13.804,0.686,-1.534,-5.908","-10.118,8.714,-15.576,1.052,-4.098,-7.872","-12.626,14.078,-16.87,0.158,-5.9,-9.872","-15.026,18.998,-17.946,-0.164,-8.022,-11.732","-15.976,22.14,-20.604,-0.46,-10.142,-11.392","-16.266,24.874,-27.06,-1.932,-7.324,-8.044","-12.408,24.562,-29.518,-3.628,-12.008,-7.416","-5.44,21.048,-25.424,-3.77,-12.602,-8.696","1.066,18.964,-28.666,-2.984,-13.272,-10.746","12.56,14.18,-32.926,-0.15,-10.978,-12.46","38.15,0.5,-19.526,0.362,-8.77,-10.728","39.226,-12.868,-31.414,-2.6,-5.96,-9.644","38.3,-25.006,-29.034,-7.116,-6.772,-10.594","35.724,-27.334,-12.99,-2.874,-8.954,-9.656","39.226,-17.83,5.19,-1.632,-7.554,-7.326","39.226,-13.108,23.504,-8.346,-9.848,-7.518","39.226,-11.404,18.354,-6.202,-13.276,-5.806","33.796,-8.662,24.722,-4.366,-8.85,-1.14","12.588,3.822,-13.028,-4.886,-2.056,-2.672","5.642,21.214,-22.506,-2.048,-0.044,-6.45","2.836,37.482,-3.674,1.826,-2.3,-5.388","15.044,32.266,-26.564,2.576,-3.438,-4.988","39.226,-0.336,-27.526,2.572,-3.862,-4.794","39.226,-25.028,-22.126,2.36,-3.912,-4.03","33.486,-20.32,-14.226,1.056,-3.6,-3.75","30.316,-18.768,-3.744,-0.142,-3.632,-3.548","26.544,-12.256,4.914,-0.984,-3.724,-3.582","29.532,-8.306,7.024,-1.898,-3.446,-3.812","33.826,-9.02,8.042,-1.86,-3.5,-3.682","31.418,-8.948,6.918,-1.032,-3.574,-3.368","27.944,-9.106,6.368,-0.012,-3.436,-3.38","23.548,-10.336,6.784,0.626,-3.364,-3.592"
"-9.598,-3.79,0.822,-2.158,4.182,0.862","-9.924,-3.716,0.174,-2.616,4.412,0.958","-9.942,-3.27,-1.004,-2.968,4.488,1.13","-9.39,-3.074,-2.07,-3.198,4.382,1.386","-8.654,-3.602,-2.492,-3.446,4.14,1.674","-8.486,-4.406,-3.246,-3.79,3.944,1.876","-9.002,-5.096,-4.534,-4.16,3.766,2.072","-9.882,-5.45,-5.82,-4.428,3.508,2.22","-10.716,-5.338,-7.016,-4.56,3.324,2.336","-11.152,-4.92,-7.484,-4.7,3.276,2.418","-11.128,-4.052,-7.254,-4.844,3.264,2.404","-10.664,-3.34,-7.454,-4.948,3.182,2.378","-10.404,-2.558,-8.11,-5.044,3.104,2.372","-10.222,-1.486,-8.312,-5.178,3.078,2.344","-10.134,-0.344,-7.936,-5.278,3.012,2.252","-10.348,0.886,-7.814,-5.3,2.97,2.128","-10.458,1.92,-7.978,-5.306,3.032,2.042","-10.184,2.482,-7.952,-5.222,3.14,1.904","-9.62,2.554,-8.104,-5.014,3.108,1.776","-8.968,2.322,-8.676,-4.868,3.066,1.878","-8.19,1.752,-9.102,-4.87,3.026,2.008","-7.126,0.914,-9.398,-4.712,2.928,1.736","-6.232,0.252,-10.284,-4.346,2.812,0.966","-5.37,-0.112,-11.432,-3.886,2.878,-0.302","-3.758,-0.444,-12.23,-3.886,2.692,-1.486","-2.062,-0.048,-13.738,-4.08,1.604,-2.53","-1.114,2.092,-17.766,-4.072,-1.328,-4.54","-0.75,6.422,-22.962,-5.504,-5.262,-7.25","-1.56,13.116,-27.066,-7.44,-7.832,-9.424","-4.122,21.446,-31.896,-8.008,-9.214,-10.514","-8.198,30.244,-37.43,-7.348,-7.806,-10.266","-15.402,38.424,-38.376,-6.76,-6.758,-10.692","-17.498,37.554,-31.788,-6.87,-9.922,-11.84","-7.216,27.154,-32.122,-6.84,-11.964,-13.044","4.548,15.936,-38.8,-6.108,-14.774,-14.208","22.83,3.39,-37.638,-5.14,-14.654,-15.088","39.226,-6.35,-26.936,-6.136,-15.764,-16.242","38.92,-12.97,-29.314,-4.988,-13.274,-17.162","38.974,-20.6,-23.62,-0.436,-9.46,-13.742","39.226,-24.624,-26.978,0.306,-6.254,-9.994","39.226,-20.8,-28.528,0.21,-3.758,-8.428","39.226,-10.174,-22.21,0.894,-4.606,-5.758","39.226,7.768,-25.928,-1.53,-8.464,-4.798","39.226,6.634,-27.142,-3.156,-14.252,-3.446","39.226,-28.526,-8.11,-2.568,-14.368,-2.208","39.142,-18.124,1.066,-2.302,-8.41,-2.166","25.768,23.77,-12.12,-1.818,-5.702,-2.042","8.024,38.774,-13.678,0.232,-7.086,-1.724","10.838,33.876,-14.498,2.79,-7.69,-2.278","28.146,11.33,-18.876,4.562,-6.836,-2.912","39.226,-2.828,-14.698,6.612,-5.426,-3.282","39.226,-8.438,-10.93,9.076,-4.512,-3.578","30.376,-8.028,-10.266,9.41,-5.678,-2.94","26.006,-9.052,-11.214,7.692,-5.168,-2.204","32.246,-12.428,-9.624,5.142,-4.36,-2.122","36.864,-11.764,-7.558,2.552,-5.992,-0.806","36.0,-8.776,-5.806,0.542,-7.4,0.43","36.706,-6.608,4.01,-1.306,-7.892,0.262","39.226,-1.032,15.916,-2.59,-7.556,-0.506","38.304,8.626,17.73,-2.67,-6.76,-1.146"
"-3.804,2.4,-6.556,-2.832,5.22,2.02","-3.586,2.558,-7.034,-2.792,5.0,1.978","-3.634,2.756,-7.97,-2.812,4.764,1.956","-3.874,2.918,-8.99,-2.888,4.542,1.926","-4.094,3.08,-9.826,-2.922,4.292,1.874","-4.29,3.396,-10.506,-2.938,3.988,1.816","-4.478,4.024,-10.974,-2.966,3.664,1.75","-4.592,4.664,-11.114,-2.972,3.352,1.642","-4.592,5.316,-11.17,-2.942,3.048,1.506","-4.616,5.996,-11.62,-2.932,2.8,1.35","-4.654,6.412,-11.824,-2.936,2.654,1.16","-4.552,6.358,-11.486,-2.89,2.624,0.95","-4.324,6.17,-11.096,-2.86,2.66,0.768","-3.912,6.122,-10.988,-2.944,2.646,0.574","-3.324,6.334,-10.922,-3.124,2.614,0.336","-2.704,6.834,-10.762,-3.354,2.626,0.094","-2.124,7.482,-10.476,-3.484,2.674,-0.21","-1.51,8.09,-10.084,-3.388,2.702,-0.552","-1.1,8.532,-10.0,-3.204,2.568,-0.898","-0.616,8.732,-10.12,-3.134,2.264,-1.318","0.286,8.52,-10.4,-3.108,1.976,-1.912","1.082,8.312,-11.292,-3.042,1.792,-2.878","1.708,8.292,-12.502,-2.388,1.872,-4.496","2.332,8.382,-13.346,-0.6,1.792,-6.488","3.002,8.612,-14.608,0.634,0.162,-8.078","4.448,9.126,-17.254,0.582,-2.762,-9.212","7.254,10.664,-21.9,-0.164,-5.682,-10.458","11.64,14.466,-29.242,-1.124,-7.442,-11.386","16.08,20.204,-36.76,-1.626,-8.688,-11.342","12.682,25.02,-36.288,-1.908,-9.792,-11.318","4.82,29.916,-32.774,-1.968,-10.336,-12.13","3.896,34.02,-32.92,-1.914,-11.25,-13.358","12.008,32.502,-32.514,-2.136,-13.064,-14.222","24.09,23.18,-32.734,-2.376,-15.046,-14.236","29.23,12.178,-32.988,-2.532,-16.496,-14.106","30.834,3.146,-29.738,-2.316,-17.008,-15.594","34.802,-4.59,-24.706,0.48,-14.588,-18.394","39.226,-11.758,-19.366,5.082,-10.256,-16.902","39.226,-18.77,-16.302,4.414,-5.98,-10.02","39.226,-25.846,-14.626,1.42,-6.258,-4.18","39.226,-28.12,-14.566,2.676,-7.364,-1.382","39.226,-22.956,-19.678,3.252,-9.616,-2.82","39.226,-17.306,-13.67,-4.89,-14.782,-5.322","39.226,-26.842,16.414,-8.528,-19.052,-4.252","38.666,-34.422,31.034,-6.946,-17.476,1.586","20.682,-14.64,-6.446,-5.794,-9.294,2.174","-3.426,20.438,-37.682,-3.008,-4.804,0.11","-1.698,38.774,-25.102,-0.18,-4.816,-1.596","17.998,38.534,-9.99,3.154,-5.132,-3.664","39.226,13.672,-26.804,6.696,-5.214,-3.668","39.226,-13.502,-15.622,8.982,-5.032,-2.824","39.226,-25.294,-12.31,9.66,-5.186,-2.302","36.91,-22.538,-9.088,8.524,-5.61,-1.998","31.302,-13.624,-4.508,5.46,-5.15,-1.724","37.146,-13.526,-0.268,4.068,-4.672,-0.688","39.226,-12.596,6.876,2.05,-5.678,0.282","39.226,-7.874,13.64,-0.156,-5.942,-0.558","39.226,-1.53,21.544,1.39,-5.67,-1.506","39.114,6.278,27.528,2.118,-5.594,-1.756","37.256,10.878,27.888,3.542,-4.932,-2.604"
"-9.176,-1.35,4.86,-0.41,2.318,3.274","-9.032,-0.766,5.362,-0.396,2.446,3.2","-8.724,-0.512,5.678,-0.398,2.53,3.126","-8.502,-0.21,5.42,-0.434,2.502,3.116","-8.322,-0.128,5.4,-0.498,2.444,3.126","-8.378,-0.116,5.308,-0.6,2.44,3.1","-8.764,0.108,4.638,-0.714,2.5,3.016","-9.24,0.308,4.12,-0.768,2.506,2.924","-9.53,0.498,3.706,-0.8,2.448,2.858","-9.486,0.914,2.776,-0.83,2.396,2.72","-9.302,1.194,1.944,-0.76,2.39,2.506","-9.25,1.098,1.416,-0.588,2.4,2.362","-9.458,0.89,0.488,-0.586,2.458,2.23","-9.584,0.612,-0.432,-0.764,2.518,2.074","-9.444,0.238,-1.452,-0.954,2.516,1.992","-9.05,0.074,-2.45,-1.166,2.35,1.85","-8.302,0.426,-2.788,-1.376,2.05,1.526","-8.02,1.556,-2.826,-0.912,1.752,1.164","-8.57,2.942,-3.538,0.078,1.528,0.544","-9.446,3.692,-4.44,0.984,0.972,-0.166","-10.596,3.75,-5.87,1.444,-0.354,-0.382","-11.466,3.91,-7.948,1.408,-2.428,-0.84","-11.15,5.584,-11.754,0.682,-5.296,-1.93","-11.462,9.742,-16.966,-0.236,-7.766,-2.498","-13.054,15.212,-22.354,-1.126,-9.138,-2.856","-14.87,19.772,-25.67,-2.172,-10.5,-3.828","-18.124,22.088,-27.872,-3.026,-12.37,-4.834","-19.888,19.048,-27.042,-3.716,-13.038,-4.992","-13.842,11.356,-21.802,-4.75,-11.776,-6.262","-5.516,4.966,-17.158,-5.27,-12.494,-8.81","-0.402,0.584,-14.672,-4.524,-10.252,-10.07","4.768,-3.986,-14.722,-0.17,-6.754,-10.712","14.598,-8.8,-13.75,0.236,-5.68,-9.108","26.384,-10.48,-10.294,-1.956,-5.858,-4.998","30.196,-6.968,-17.69,-5.242,-2.68,0.366","38.672,-2.862,-13.716,-10.074,0.434,3.794","39.226,8.602,-13.46,-11.584,4.326,2.418","39.226,16.422,16.588,-10.682,1.09,1.098","39.226,2.988,22.43,-15.414,-11.084,1.714","36.286,-5.146,6.752,-13.914,-15.13,-2.108","16.342,-0.244,3.922,-6.516,-14.878,-2.24","-2.244,9.992,1.168,-0.648,-13.532,2.064","-19.704,18.616,-12.944,1.092,-7.158,2.296","-34.58,20.386,1.048,4.844,-2.14,-1.73","-30.452,27.248,-5.552,9.03,0.1,-2.34","-3.434,10.444,-22.084,11.218,-1.054,-0.974","19.714,-17.746,-17.972,11.634,-2.636,-1.216","31.97,-30.884,1.538,10.068,-3.27,-1.524","33.474,-27.652,-0.75,8.378,-3.908,-0.328","29.03,-20.874,-4.928,5.258,-4.64,1.92","22.42,-12.556,0.456,0.81,-4.908,3.27","18.008,-1.186,2.936,-1.248,-5.074,2.816","20.24,6.868,5.092,-1.67,-5.704,2.036","27.194,10.498,8.46,-1.392,-5.982,1.422","34.396,9.876,14.814,-0.628,-5.764,0.724","34.41,7.28,20.52,0.026,-5.352,0.178","26.32,4.2,19.982,0.23,-5.316,0.13","21.65,-1.34,19.28,0.482,-5.838,0.256","21.752,-4.96,18.084,0.264,-5.912,0.314","22.532,-6.372,16.752,-0.066,-5.596,0.072"
"-9.602,-5.93,1.526,-3.02,3.558,1.982","-9.078,-6.396,0.962,-3.292,3.672,2.084","-8.714,-6.962,-0.244,-3.86,3.738,2.182","-8.452,-7.52,-1.242,-4.51,3.83,2.266","-8.27,-7.632,-1.816,-5.136,3.898,2.366","-8.224,-6.722,-2.76,-5.64,3.954,2.468","-8.352,-5.488,-3.046,-5.878,3.994,2.586","-8.528,-4.42,-2.844,-6.01,3.95,2.718","-8.606,-3.602,-3.55,-6.162,3.902,2.814","-8.648,-3.544,-4.42,-6.112,3.912,2.882","-8.76,-4.242,-4.97,-6.04,3.992,2.858","-8.844,-5.236,-6.182,-6.264,4.068,2.698","-8.762,-6.492,-7.354,-6.372,4.138,2.572","-8.394,-7.694,-7.804,-6.3,4.34,2.444","-7.574,-8.22,-8.086,-6.286,4.424,2.254","-6.766,-8.22,-8.708,-6.542,4.388,2.038","-6.24,-8.208,-9.232,-6.836,4.242,1.758","-5.492,-8.218,-9.622,-7.05,4.064,1.352","-4.89,-7.83,-10.048,-7.15,3.844,0.782","-4.808,-7.46,-10.84,-7.148,3.436,0.304","-4.762,-7.35,-11.096,-6.962,3.11,-0.216","-4.532,-7.264,-11.402,-6.548,2.92,-0.924","-4.116,-7.288,-11.962,-6.322,2.77,-1.792","-4.132,-7.132,-12.998,-6.198,2.288,-2.534","-4.174,-6.646,-13.866,-5.394,1.1,-3.006","-4.746,-5.192,-13.956,-3.796,-1.498,-3.346","-6.264,-2.736,-15.278,-2.82,-5.168,-3.816","-8.712,-0.178,-16.784,-3.64,-7.702,-5.486","-11.554,2.524,-19.124,-5.574,-8.028,-7.142","-13.924,7.2,-23.42,-7.07,-6.872,-8.36","-16.088,14.696,-28.106,-7.12,-6.66,-9.316","-16.092,22.552,-29.304,-6.086,-8.162,-9.538","-12.216,27.344,-24.02,-5.422,-10.164,-9.964","0.062,24.014,-17.934,-5.562,-13.354,-11.486","15.222,16.028,-16.848,-5.152,-15.686,-12.876","27.49,8.82,-22.234,-4.96,-17.782,-14.17","32.276,-0.014,-28.562,-4.072,-15.766,-17.556","32.416,-8.648,-28.01,1.83,-9.664,-18.17","34.92,-12.826,-28.536,2.438,-8.306,-12.01","35.288,-12.834,-31.652,0.776,-10.108,-6.602","36.156,-7.84,-33.288,0.262,-8.754,-6.82","39.226,11.15,-27.466,1.442,-8.656,-7.116","39.226,26.648,-20.376,-0.34,-10.45,-5.636","39.226,14.304,15.156,-3.934,-12.742,-3.534","39.226,-21.874,22.562,-3.878,-11.79,-1.952","34.73,-20.824,9.38,-1.714,-8.582,-1.17","11.736,9.586,-26.042,1.194,-6.36,-2.228","12.736,36.2,-28.058,4.33,-5.544,-3.346","27.486,38.774,-19.724,6.496,-5.002,-3.646","39.226,18.37,-19.738,7.478,-4.794,-3.482","39.226,-12.152,-21.314,6.978,-5.05,-2.588","39.226,-24.558,-11.582,5.158,-5.362,-1.016","35.402,-17.702,-6.166,2.938,-6.05,0.486","32.224,-9.198,1.418,1.262,-6.862,1.272","37.618,-3.34,9.154,0.726,-6.94,0.93","39.226,1.052,15.864,0.922,-6.384,-0.422","39.226,5.268,20.204,1.6,-5.522,-1.806","39.226,7.224,22.222,2.512,-5.064,-1.966","39.226,2.158,20.626,2.796,-4.97,-1.424","38.306,-4.358,17.632,2.364,-4.906,-1.15"
"-2.656,-8.018,7.156,1.672,3.682,0.842","-2.886,-7.874,6.748,1.506,3.774,0.778","-3.17,-7.74,6.224,1.09,3.818,0.814","-3.64,-7.366,5.298,0.388,3.872,0.894","-4.258,-7.206,4.75,-0.414,4.058,1.026","-5.132,-7.29,4.166,-1.138,4.298,1.154","-6.042,-7.348,3.442,-1.698,4.588,1.246","-6.592,-7.526,3.514,-2.09,4.884,1.374","-6.856,-7.546,3.65,-2.362,5.006,1.586","-6.79,-7.676,3.394,-2.66,5.012,1.848","-7.024,-8.132,2.666,-3.078,5.062,2.154","-7.792,-8.802,1.7,-3.642,5.166,2.386","-8.93,-9.374,0.704,-4.328,5.292,2.52","-10.0,-9.522,-0.318,-5.002,5.36,2.65","-10.4,-8.91,-1.276,-5.424,5.374,2.794","-9.886,-7.746,-1.966,-5.526,5.238,2.898","-9.366,-6.262,-2.332,-5.494,4.978,2.98","-9.398,-5.104,-2.826,-5.396,4.726,3.1","-10.008,-4.49,-3.44,-5.234,4.59,3.248","-11.028,-4.052,-4.352,-5.082,4.476,3.35","-12.306,-3.682,-5.658,-5.134,4.518,3.354","-13.366,-3.858,-6.206,-5.154,4.508,3.09","-14.096,-4.154,-6.028,-5.086,4.634,2.734","-14.434,-3.682,-6.336,-5.074,4.99,2.434","-14.842,-2.212,-6.816,-4.792,5.246,2.146","-15.148,-0.602,-6.924,-4.39,5.152,1.972","-15.742,0.664,-7.49,-3.946,4.842,1.882","-15.702,0.774,-8.272,-3.66,4.76,1.278","-15.14,-0.254,-8.718,-3.588,4.524,0.108","-15.42,-0.584,-10.576,-3.408,3.734,-0.982","-16.172,0.506,-12.744,-3.276,2.106,-2.402","-16.516,2.97,-14.46,-2.83,-1.206,-3.958","-16.612,6.262,-16.148,-2.752,-4.878,-5.092","-16.192,9.21,-21.098,-3.554,-8.11,-6.38","-14.538,10.83,-27.856,-5.312,-10.818,-7.396","-13.744,12.774,-35.66,-8.334,-10.824,-7.466","-13.048,16.048,-39.226,-10.708,-11.086,-8.642","-9.44,17.458,-39.226,-9.812,-13.448,-10.942","-5.054,14.838,-39.174,-7.33,-16.352,-12.456","0.856,7.172,-38.996,-3.526,-18.028,-13.58","17.968,-5.408,-32.58,-0.328,-14.306,-15.87","39.226,-16.348,-26.138,-6.374,-12.51,-19.25","39.226,-24.58,-35.862,-3.53,-17.612,-8.494","39.148,-36.704,-27.486,-8.594,-8.372,0.788","39.226,-39.226,-25.994,7.69,7.27,0.782","39.226,-27.698,-17.48,25.318,3.194,2.776","39.226,11.984,20.804,29.142,-14.69,1.82","39.226,38.774,0.298,25.904,-24.074,-8.442","39.226,6.584,-1.416,20.044,-8.302,-9.22","34.368,-22.888,-23.808,9.006,-5.77,11.308","-7.38,-11.316,-39.226,2.044,-6.568,17.178","-25.464,17.8,-39.226,-1.792,-6.434,14.302","-14.79,38.774,-38.882,-3.19,-7.086,9.942","22.032,38.774,-15.294,-2.748,-7.098,7.096","39.226,33.17,6.2,-2.128,-8.85,8.086","39.226,37.684,0.21,-2.014,-8.818,7.67","33.05,27.712,13.746,0.046,-7.386,4.96","15.944,14.804,9.198,3.052,-6.034,2.012","12.978,7.106,-0.656,4.762,-4.796,0.238","21.548,-4.506,-2.758,5.852,-3.82,-0.532"
"-9.75,-1.338,-5.676,-3.13,1.866,1.158","-9.468,-1.148,-5.928,-3.084,1.8,1.03","-9.066,-0.984,-6.516,-3.126,1.77,0.956","-8.554,-0.956,-7.054,-3.218,1.818,0.894","-8.07,-1.102,-6.858,-3.314,1.902,0.8","-7.554,-1.13,-6.28,-3.424,2.044,0.728","-6.898,-0.944,-6.254,-3.44,2.194,0.65","-6.184,-0.724,-6.418,-3.348,2.224,0.524","-5.642,-0.546,-6.704,-3.27,2.16,0.404","-5.454,-0.48,-7.248,-3.166,1.994,0.328","-5.388,-0.742,-7.788,-3.074,1.68,0.25","-5.606,-1.164,-8.53,-3.174,1.4,0.152","-6.222,-1.63,-9.38,-3.354,1.234,-0.09","-6.748,-2.076,-9.712,-3.43,1.184,-0.368","-7.004,-2.14,-10.172,-3.35,1.31,-0.516","-7.168,-1.676,-10.864,-3.09,1.638,-0.582","-6.938,-1.25,-11.046,-2.68,2.024,-0.672","-6.62,-0.918,-11.802,-2.304,2.178,-0.74","-6.15,-0.892,-13.698,-2.118,2.048,-0.854","-5.534,-1.3,-15.878,-2.148,1.898,-1.148","-5.34,-1.674,-17.898,-2.566,1.318,-1.662","-5.784,-1.67,-19.694,-3.008,0.522,-2.058","-6.51,-1.244,-20.908,-3.164,-0.172,-2.284","-6.978,-0.452,-21.292,-3.068,-1.098,-2.662","-7.512,0.65,-22.19,-2.776,-1.758,-2.812","-8.35,1.68,-25.148,-2.682,-1.872,-3.276","-8.632,2.248,-26.892,-2.79,-2.418,-4.042","-8.146,2.642,-26.2,-2.892,-2.746,-4.764","-8.186,3.96,-26.72,-2.616,-2.922,-6.052","-6.784,5.106,-25.516,-1.304,-4.364,-7.756","-5.912,6.644,-25.78,0.756,-7.16,-8.746","-5.73,7.926,-28.706,2.766,-9.884,-10.222","-4.1,7.726,-28.626,3.374,-11.582,-13.032","-3.858,8.746,-31.18,1.22,-10.584,-14.274","-4.624,11.834,-38.838,-1.8,-13.76,-12.846","-2.41,14.878,-39.226,-1.486,-17.106,-12.882","0.892,20.524,-39.152,0.006,-17.476,-15.586","5.97,27.002,-36.392,1.44,-17.436,-17.402","27.998,21.642,-22.942,6.148,-11.796,-9.752","39.226,7.868,-14.922,3.1,-3.58,-4.096","39.226,-6.68,-17.218,4.474,1.266,-7.186","39.226,-17.608,-9.208,16.656,1.1,-0.56","39.226,-19.902,2.91,26.1,-8.982,0.182","39.226,-8.66,-16.962,28.976,-18.158,-1.906","39.226,-25.374,-11.17,27.52,-19.606,2.634","34.634,-29.8,3.408,12.524,-5.836,-2.92","8.53,-14.992,-35.12,10.178,-0.284,2.586","-15.802,21.506,-39.226,9.81,-2.21,10.59","-7.574,38.774,-38.302,6.964,-0.126,8.408","26.478,36.174,-32.22,6.87,0.138,8.286","39.226,36.186,2.668,5.662,-2.204,7.98","39.078,25.008,-16.002,3.586,-5.204,6.496","39.226,15.648,-9.59,2.77,-6.72,6.56","35.052,18.77,6.416,1.114,-6.086,6.24","26.07,12.088,3.912,0.218,-3.844,5.486","20.78,12.718,0.884,1.162,-2.33,5.55","19.074,16.904,5.32,0.738,-2.172,5.26","28.398,17.604,2.06,-0.07,-2.978,4.458","38.198,17.4,2.88,-0.382,-3.974,3.788","39.226,19.85,5.722,-0.854,-4.632,3.208"
"-9.938,-5.22,2.246,-2.272,2.752,1.592","-9.598,-4.794,1.69,-2.62,2.966,1.7","-9.246,-4.592,1.11,-2.846,3.154,1.816","-8.864,-4.66,0.656,-3.048,3.248,1.952","-8.524,-4.794,-0.086,-3.32,3.242,2.076","-8.136,-5.148,-0.896,-3.64,3.21,2.16","-7.992,-5.594,-1.83,-3.968,3.18,2.242","-8.098,-5.818,-2.748,-4.266,3.15,2.332","-8.384,-5.782,-3.598,-4.544,3.12,2.394","-8.622,-5.394,-4.224,-4.768,3.104,2.436","-8.694,-4.78,-4.692,-4.918,3.152,2.478","-8.592,-4.184,-5.26,-4.992,3.296,2.482","-8.454,-3.838,-5.822,-5.078,3.504,2.442","-8.426,-3.684,-6.304,-5.21,3.736,2.344","-8.412,-3.59,-6.706,-5.282,4.014,2.188","-8.164,-3.48,-6.938,-5.32,4.352,1.998","-7.862,-3.274,-7.116,-5.39,4.692,1.78","-7.666,-3.026,-7.482,-5.466,4.962,1.492","-7.654,-2.764,-7.816,-5.506,5.03,1.164","-7.698,-2.5,-8.102,-5.45,4.89,0.792","-7.826,-2.378,-8.578,-5.456,4.742,0.532","-8.074,-2.37,-9.484,-5.646,4.354,0.208","-8.626,-2.428,-11.004,-5.856,3.766,-0.262","-9.104,-2.552,-12.89,-5.642,3.468,-0.408","-9.492,-2.342,-14.316,-5.566,3.096,-0.666","-9.252,-2.55,-15.266,-5.818,2.172,-1.718","-8.834,-3.194,-18.044,-4.69,0.05,-2.692","-8.76,-2.77,-20.328,-3.358,-3.338,-4.084","-7.614,-1.052,-21.11,-5.412,-5.276,-7.844","-7.768,3.152,-22.858,-7.888,-5.962,-11.034","-10.704,10.804,-28.032,-7.548,-6.862,-11.898","-13.612,23.89,-38.458,-5.696,-7.38,-11.238","-16.512,38.07,-39.226,-4.312,-8.56,-12.286","-17.26,38.774,-31.956,-2.834,-11.392,-15.348","-2.654,36.678,-26.628,-1.096,-15.186,-17.33","15.636,23.788,-34.226,0.842,-16.928,-17.79","31.966,8.574,-37.536,3.326,-17.196,-18.944","39.226,-0.604,-28.748,8.934,-14.928,-19.73","39.226,-6.21,-18.93,14.648,-4.404,-14.914","39.226,-14.496,-14.302,13.812,-6.098,-6.608","39.226,-20.46,-12.27,13.992,-3.154,-0.092","39.226,-15.016,-9.834,16.886,-3.364,1.65","39.226,0.978,-19.532,20.724,-4.08,2.23","39.226,9.804,-8.642,18.112,-3.64,2.028","39.226,-13.63,33.122,11.71,-8.248,1.476","34.434,-19.448,15.318,10.26,-11.494,3.252","7.034,-0.622,-30.236,7.56,-12.08,5.566","0.002,13.456,-39.226,4.718,-9.764,6.258","1.858,15.3,-26.594,3.972,-5.722,6.212","-3.092,9.4,-7.446,4.4,-2.026,5.662","9.77,9.648,-1.386,4.368,0.598,5.338","27.958,11.162,0.706,3.126,2.204,4.614","35.212,9.616,-1.422,1.61,2.9,4.036","39.226,6.148,1.258,-0.28,2.932,4.338","36.188,6.258,2.498,-2.256,1.922,4.71","31.556,10.536,3.706,-3.668,0.478,4.584","25.38,17.572,6.536,-4.93,-1.07,3.814","19.494,22.408,7.424,-6.158,-2.664,2.596","15.802,22.494,9.198,-6.902,-4.198,1.49","11.346,21.23,10.176,-7.124,-5.662,1.06"
