"12.99,1.678,0.884,-2.566,8.582,-3.636","13.008,1.004,-0.118,-3.268,7.266,-1.59","13.622,1.734,-1.006,-0.04,9.68,0.532","14.898,3.204,-1.08,1.208,10.47,1.788","15.91,4.258,-0.5,3.882,8.426,3.22","16.294,3.986,0.122,6.254,5.912,4.334","16.032,2.762,-0.204,6.116,5.574,4.544","15.364,1.72,-1.302,5.83,5.454,3.546","14.836,1.014,-1.944,4.752,4.296,1.194","14.678,0.418,-1.684,4.194,2.45,0.732","14.794,0.536,-1.762,4.666,1.61,0.324","15.382,1.976,-2.602,5.212,1.838,-0.544","16.522,3.878,-3.226,4.748,2.522,-0.432","17.51,4.716,-3.222,3.478,3.24,0.152","17.826,4.33,-3.704,1.984,3.75,0.294","17.716,3.146,-4.54,0.89,3.852,0.294","17.334,2.098,-5.074,0.478,3.56,0.434","16.68,1.762,-5.432,0.676,3.02,0.464","15.932,1.988,-5.654,1.26,2.424,0.236","15.174,2.462,-5.496,1.988,1.74,-0.032","14.842,3.674,-5.936,2.398,1.104,-0.372","15.162,4.922,-6.986,2.23,0.756,-0.838","15.904,5.284,-9.024,1.608,0.616,-1.152","16.728,4.884,-11.394,0.816,0.576,-1.144","16.938,4.236,-13.744,0.072,0.674,-0.946","16.192,3.874,-16.04,-0.558,0.886,-0.684","14.91,3.732,-17.156,-1.04,1.09,-0.448","14.092,4.418,-18.118,-1.436,1.184,-0.336","14.496,5.188,-19.282,-1.702,1.136,-0.41","15.012,6.214,-22.624,-1.798,0.882,-0.628","14.284,8.492,-28.386,-1.674,0.488,-0.846","10.482,8.824,-33.798,-1.41,0.144,-1.018","5.462,8.198,-39.22,-1.104,-0.11,-1.132","2.904,5.772,-39.224,-0.846,-0.22,-1.154","1.842,2.618,-39.14,-0.66,-0.124,-1.086","-0.162,-0.834,-39.214,-0.472,0.136,-0.95","-3.43,-5.198,-39.188,-0.258,0.382,-0.764","-10.498,-3.43,-36.498,-0.078,0.568,-0.52","-21.954,10.29,-31.964,-0.03,0.73,-0.272","-37.85,24.458,-19.02,-0.058,0.808,-0.092","-38.812,38.704,-22.032,-0.098,0.78,0.048","-38.584,38.704,-19.386,-0.152,0.68,0.176","-38.758,38.448,-27.098,-0.072,0.558,0.242","-38.812,38.686,-23.212,0.214,0.426,0.25","-38.594,30.39,16.278,0.684,0.218,0.23","-27.672,-9.252,3.82,1.262,-0.06,0.194","-7.584,-21.754,-32.296,1.882,-0.27,0.152","-3.85,-16.75,-33.384,2.536,-0.334,0.104","-15.528,-3.976,-17.556,3.116,-0.344,0.06","-23.602,18.678,-20.818,3.57,-0.34,0.016","-27.844,25.614,-12.446,3.918,-0.3,-0.002","-29.45,17.702,13.5,4.156,-0.24,0.0","-26.776,17.946,24.112,4.25,-0.216,-0.018","-32.772,16.876,32.922,4.224,-0.252,-0.06","-22.636,11.368,32.69,4.174,-0.27,-0.096","-13.02,9.114,28.478,4.172,-0.274,-0.114","-8.996,13.548,26.8,4.166,-0.386,-0.116","-4.744,18.988,26.338,3.992,-0.62,-0.08","-4.154,22.752,24.69,3.68,-0.864,-0.016","-8.322,24.312,22.596,3.168,-1.086,0.0"
"7.178,2.624,0.228,8.138,13.102,-5.382","9.258,3.444,1.286,10.764,16.902,-8.242","11.09,3.95,2.338,6.458,15.724,-5.246","12.334,4.144,2.504,4.712,18.29,-1.83","13.33,3.316,1.69,2.912,15.44,-1.66","13.74,2.95,0.154,-0.87,11.846,-3.462","13.946,3.23,-1.308,0.256,8.718,-3.53","14.108,2.744,-1.828,3.374,7.362,-0.18","13.79,2.02,-1.134,5.516,7.658,2.504","13.3,1.844,-0.694,5.75,7.476,2.158","13.422,1.604,-0.826,4.848,5.956,1.948","14.052,0.758,-1.258,5.074,3.49,1.39","14.724,-0.104,-2.304,6.416,2.008,1.098","15.414,-0.366,-3.238,7.822,2.208,1.348","15.876,0.226,-4.358,8.942,2.852,1.214","16.442,0.702,-4.54,9.294,3.298,1.114","16.582,0.074,-4.284,8.71,3.41,1.224","16.064,-0.716,-5.032,7.038,3.0,0.872","15.682,-1.622,-6.572,4.6,2.484,0.248","15.866,-3.004,-7.644,2.444,2.316,-0.152","16.494,-3.708,-8.394,1.438,2.056,-0.452","16.916,-3.858,-8.864,1.698,1.394,-0.698","16.532,-3.354,-9.274,2.764,0.76,-0.718","15.806,-1.988,-10.598,3.962,0.226,-0.414","15.328,-0.934,-12.252,4.862,-0.206,0.038","14.722,-1.122,-14.544,4.97,-0.4,0.234","13.952,-1.982,-17.96,3.874,-0.258,0.122","13.106,-3.256,-20.936,2.01,0.186,-0.306","12.758,-4.262,-24.776,0.324,0.804,-0.836","12.402,-4.452,-27.036,-0.664,1.152,-1.136","11.956,-3.526,-24.802,-0.86,1.264,-1.08","10.824,-1.41,-23.098,-0.556,1.352,-0.768","8.234,0.914,-20.868,-0.142,1.338,-0.388","4.202,1.654,-22.08,0.182,1.294,-0.024","-0.544,-0.56,-30.3,0.454,1.224,0.28","-5.104,-4.606,-39.224,0.738,0.956,0.546","-11.028,-9.604,-39.224,0.95,0.628,0.792","-18.348,-16.738,-39.084,0.942,0.416,0.986","-30.35,-14.232,-39.208,0.642,0.292,1.12","-38.812,-19.736,-39.224,0.146,0.232,1.22","-38.812,-1.686,-39.222,-0.366,0.26,1.262","-38.616,36.086,-27.4,-0.722,0.286,1.238","-38.812,38.704,-17.268,-0.858,0.246,1.16","-38.812,38.218,-31.596,-0.844,0.17,1.05","-38.808,38.574,-25.354,-0.77,0.064,0.896","-38.812,32.742,-30.85,-0.784,-0.07,0.68","-37.91,-11.504,-14.926,-0.938,-0.224,0.43","-26.94,-37.836,-37.402,-1.282,-0.386,0.19","-34.596,-33.934,-39.224,-1.814,-0.5,-0.016","-38.812,7.712,-38.832,-2.458,-0.57,-0.278","-38.812,38.704,-22.302,-3.13,-0.688,-0.528","-38.696,36.936,-5.238,-3.798,-0.728,-0.646","-38.574,14.77,1.298,-4.338,-0.756,-0.724","-35.282,25.106,11.91,-4.744,-0.874,-0.746","-38.058,38.704,16.726,-4.924,-1.028,-0.61","-38.812,38.704,19.362,-4.784,-1.276,-0.408","-38.78,38.4,17.964,-4.476,-1.432,-0.264","-38.508,35.204,19.732,-4.082,-1.474,-0.206","-31.882,28.318,23.38,-3.632,-1.514,-0.2","-24.106,28.85,21.206,-3.054,-1.586,-0.21"
"6.504,3.218,2.27,-3.284,9.894,-4.286","6.822,3.148,1.806,6.596,6.148,-2.12","7.24,2.638,1.56,9.928,5.762,-4.784","7.37,1.346,1.804,5.478,17.414,1.146","7.332,0.018,2.058,8.444,20.43,12.002","7.258,-0.494,1.95,5.494,2.448,5.372","7.138,-0.038,1.356,-4.234,4.308,-1.918","6.98,0.694,1.356,-7.494,10.994,-3.426","7.172,1.084,1.976,-4.996,6.692,-4.666","7.74,1.406,2.058,-2.394,4.814,-3.858","8.462,1.58,1.658,-0.718,3.552,-1.46","9.33,0.778,2.124,0.678,4.22,-0.492","10.212,-0.684,2.77,-1.258,5.302,-0.34","10.7,-1.738,2.656,-5.166,6.836,0.196","10.824,-1.952,2.564,-7.802,9.422,0.508","11.256,-1.248,2.206,-6.238,8.226,0.536","12.226,-0.568,1.902,-1.84,4.216,1.41","13.864,-0.74,1.388,3.864,4.478,2.302","15.856,-1.822,0.286,5.976,4.28,2.094","18.494,-3.098,-0.92,5.352,4.288,1.718","21.476,-3.438,-1.246,4.33,5.094,1.086","23.314,-3.952,-1.72,3.61,5.5,0.594","23.73,-4.886,-2.752,3.224,5.838,0.6","23.636,-5.06,-4.366,3.342,6.37,0.844","23.658,-4.962,-6.82,3.666,6.194,0.822","23.952,-5.884,-10.048,4.116,5.132,0.558","25.464,-7.318,-13.312,4.734,3.742,0.174","27.37,-8.072,-16.126,5.226,2.548,-0.274","27.182,-8.356,-17.454,5.274,1.898,-0.614","25.374,-9.234,-16.994,4.986,1.824,-0.788","23.976,-11.96,-16.23,4.536,1.988,-0.844","23.324,-13.872,-17.716,4.204,2.044,-0.8","21.938,-13.306,-21.266,4.166,2.014,-0.624","17.526,-9.512,-24.586,4.316,2.004,-0.502","10.702,-5.484,-25.564,4.556,1.84,-0.382","5.63,-3.32,-29.124,4.75,1.544,-0.24","1.118,2.062,-38.648,4.756,1.194,-0.148","-4.848,8.424,-39.224,4.678,0.738,-0.038","-12.888,11.696,-38.632,4.634,0.216,0.086","-36.418,30.478,-23.362,4.632,-0.16,0.258","-38.812,38.704,-37.136,4.578,-0.306,0.512","-38.466,38.636,-19.262,4.458,-0.37,0.81","-38.704,31.154,-13.058,4.242,-0.514,1.106","-36.438,36.052,22.892,3.888,-0.604,1.314","-13.038,38.704,25.814,3.434,-0.71,1.426","4.692,3.802,14.838,3.064,-0.952,1.494","12.412,-39.226,-39.224,2.714,-1.198,1.436","-20.836,-39.226,-27.896,2.53,-1.604,1.056","-9.888,-31.722,-15.966,2.334,-2.562,0.84","7.904,6.326,-32.094,1.734,-3.38,0.842","-38.812,38.704,-36.658,1.084,-3.35,1.112","-38.812,32.228,0.124,0.432,-2.776,1.526","-30.774,15.44,26.456,-0.3,-2.494,2.018","-29.578,10.28,-0.482,-1.046,-2.164,2.484","-29.48,-1.802,-2.5,-1.464,-1.848,2.71","-27.64,-1.104,2.722,-1.712,-1.876,2.394","-25.4,8.736,5.928,-2.002,-2.676,1.626","-25.036,19.372,16.106,-2.164,-4.152,1.244","-24.434,31.066,18.154,-2.096,-5.03,1.04","-23.16,38.672,15.56,-2.086,-5.656,0.696"
"6.862,3.248,2.882,-1.526,14.838,-8.996","7.756,2.008,3.02,-0.702,17.226,-6.44","8.308,0.464,2.952,0.594,12.664,0.364","8.594,0.536,2.648,-0.998,10.85,2.876","8.916,1.236,2.25,-3.502,10.228,-1.168","9.142,0.818,2.306,-7.332,9.876,-2.244","9.562,0.474,2.118,-5.686,8.344,-0.622","10.192,0.254,1.266,-1.762,6.706,2.258","10.524,-0.52,1.122,1.684,5.768,4.342","10.288,-1.576,1.616,0.468,6.532,4.442","9.774,-2.522,1.342,-1.518,8.622,4.464","9.638,-2.692,0.764,-0.692,7.648,4.044","10.086,-2.23,0.042,1.526,5.364,3.888","10.872,-2.152,-1.076,3.918,5.434,4.004","11.982,-2.416,-2.248,5.062,6.208,3.128","13.026,-2.53,-3.394,4.538,6.452,2.378","13.868,-2.57,-4.008,4.284,6.778,2.578","14.8,-2.042,-4.46,4.408,6.692,2.664","15.694,-1.442,-4.692,4.538,6.226,2.708","16.146,-1.694,-4.212,4.646,5.884,2.778","16.676,-1.994,-4.088,4.774,5.656,2.436","17.974,-1.824,-4.702,4.728,5.066,1.964","19.466,-1.632,-5.8,4.604,4.206,1.632","20.578,-1.204,-7.792,4.308,3.834,1.166","21.002,-0.772,-9.068,3.55,3.95,0.78","21.608,-0.098,-10.968,2.664,4.04,0.696","23.152,1.018,-14.286,1.886,4.24,0.556","24.184,1.094,-16.636,1.226,4.396,0.312","23.926,1.144,-20.472,0.918,4.23,0.17","23.848,0.926,-25.114,0.876,3.868,0.07","24.406,-0.55,-28.018,0.806,3.568,0.112","26.122,-0.348,-31.958,0.522,3.586,0.136","26.268,-1.108,-35.83,-0.05,3.858,0.122","23.392,-3.402,-38.976,-0.76,3.94,0.134","20.866,-5.542,-39.224,-1.384,3.692,0.19","17.196,-7.564,-39.188,-1.662,3.374,0.326","11.924,-7.888,-39.214,-1.708,2.986,0.442","4.89,-6.648,-39.224,-1.744,2.434,0.53","-2.332,-4.566,-39.224,-1.738,1.928,0.6","-10.118,0.822,-38.724,-1.766,1.514,0.708","-33.95,13.55,-25.02,-1.836,1.142,0.848","-38.812,30.664,-28.736,-1.872,0.964,0.984","-38.596,38.704,-34.762,-1.964,0.95,1.056","-38.652,38.704,-38.874,-2.15,0.922,1.048","-38.812,38.51,-36.168,-2.378,0.38,0.898","-38.812,32.738,-11.44,-2.616,-0.326,0.708","-38.808,-15.704,-27.264,-2.924,-0.696,0.818","-38.812,-39.226,-39.224,-3.036,-0.794,0.76","-38.812,-23.88,-39.224,-2.904,-1.356,0.624","-38.812,23.396,-29.944,-2.856,-2.042,0.74","-38.812,23.472,-4.308,-2.894,-2.252,0.848","-38.812,4.976,-9.172,-2.988,-2.06,0.844","-36.572,0.998,-12.27,-2.82,-2.238,0.698","-33.35,14.742,-8.432,-2.644,-2.774,0.438","-34.758,27.772,8.966,-2.68,-3.07,0.172","-30.122,37.916,17.06,-3.202,-3.39,0.128","-33.708,29.346,7.406,-4.074,-4.0,0.02","-38.812,5.078,3.898,-5.32,-4.816,-0.444","-30.092,-0.482,6.272,-6.186,-4.742,-1.0","-20.058,9.938,6.65,-5.858,-3.876,-1.64"
"8.87,2.078,3.262,-0.068,20.46,-7.008","9.262,2.014,2.092,-1.176,18.066,-0.818","9.862,1.64,1.14,-0.402,15.34,0.806","10.458,1.32,0.708,1.206,12.576,0.074","10.792,2.072,0.22,0.894,12.942,-0.29","8.876,2.916,-0.062,-2.164,12.558,0.822","9.452,3.292,-1.412,-2.24,12.012,1.462","12.506,3.926,-3.82,-2.16,10.982,1.786","13.52,4.434,-6.206,-0.54,9.236,2.484","14.67,3.838,-7.276,2.826,7.388,3.376","16.326,2.598,-8.33,6.314,6.292,3.992","17.252,1.974,-9.668,8.082,6.16,4.098","17.252,2.152,-10.604,8.452,6.384,3.752","16.898,2.59,-11.188,8.268,6.602,3.176","16.406,2.936,-11.63,8.008,7.286,2.84","15.734,3.146,-11.992,6.86,7.088,2.534","14.874,2.806,-12.404,5.18,5.702,1.732","14.092,1.728,-12.846,3.716,5.524,1.084","13.622,0.26,-12.704,2.808,5.382,0.858","13.366,-1.094,-12.766,2.666,5.144,1.17","13.542,-1.786,-13.926,2.42,4.802,1.436","13.668,-1.362,-15.662,1.892,4.31,1.504","13.518,-0.154,-17.22,1.208,4.014,1.264","13.518,0.824,-18.034,0.384,3.612,0.852","13.172,1.542,-19.176,-0.402,3.172,0.8","12.652,1.452,-21.034,-1.084,3.068,1.114","12.612,-0.056,-23.17,-1.646,2.996,1.254","11.748,-1.992,-24.98,-2.334,2.834,1.346","9.376,-1.716,-25.932,-3.154,2.396,1.178","7.058,1.686,-25.464,-3.896,1.75,1.018","3.832,2.432,-23.882,-4.512,1.082,0.914","-1.776,1.508,-30.432,-4.956,0.608,0.904","-8.212,-1.164,-39.102,-5.242,0.046,0.878","-16.24,-7.298,-39.224,-5.208,-0.764,0.724","-28.714,-10.142,-39.092,-5.006,-1.612,0.398","-36.438,-3.878,-39.206,-4.558,-1.986,0.236","-38.158,1.91,-39.224,-4.026,-2.038,0.154","-38.812,10.234,-39.222,-3.57,-2.058,0.012","-38.812,31.138,-39.224,-3.162,-2.16,-0.294","-38.798,38.704,-33.742,-2.874,-2.31,-0.584","-38.812,38.704,-16.026,-2.584,-2.434,-0.814","-38.812,38.502,-20.286,-2.438,-2.684,-0.942","-38.812,19.342,-39.224,-1.958,-3.172,-1.172","-38.812,17.004,-38.462,-1.516,-3.46,-1.224","-38.812,38.704,-5.596,-1.952,-3.242,-0.746","-23.99,0.63,-13.542,-1.428,-2.36,-1.002","-21.492,-39.226,-39.224,-0.624,-2.884,-1.554","-38.812,-1.99,-39.224,-0.662,-3.244,-1.014","-38.812,38.704,-38.57,-0.408,-3.312,-1.008","-38.422,32.286,-35.75,-0.748,-3.47,-1.054","-38.812,34.298,-15.874,-1.046,-2.616,-0.876","-38.812,38.704,-10.356,-1.274,-2.29,-1.332","-38.804,38.704,0.12,-1.38,-2.932,-1.92","-38.812,36.988,2.378,-1.286,-3.622,-2.28","-38.812,29.064,4.306,-0.854,-4.134,-2.516","-38.812,23.428,6.11,-0.164,-4.374,-2.58","-38.812,26.216,6.408,0.53,-4.308,-2.434","-38.812,32.532,7.23,1.216,-4.014,-2.224","-38.812,34.014,8.158,1.896,-3.576,-2.062","-38.812,30.614,7.434,2.488,-3.186,-1.972"
"4.526,2.084,5.028,11.372,12.436,-7.302","4.516,2.086,5.832,15.164,9.026,-12.434","4.59,2.102,6.43,10.686,13.48,-17.876","4.886,2.012,6.288,6.482,20.166,-14.088","5.052,2.234,6.048,10.01,21.058,-10.682","4.988,2.59,6.122,10.296,22.31,-10.616","4.836,3.608,5.548,12.136,21.02,-10.328","4.46,4.97,6.184,12.048,18.194,-9.822","4.886,5.262,7.612,8.098,17.256,-9.79","5.624,4.278,7.886,2.274,16.98,-11.336","5.554,3.154,7.202,-6.114,16.648,-11.436","4.736,2.162,6.718,-12.088,17.432,-10.964","3.942,1.192,6.028,-12.954,17.056,-7.044","3.664,1.708,5.536,-10.862,13.666,-1.77","4.266,2.298,6.11,-7.486,11.478,0.882","6.19,1.404,6.192,-6.768,10.642,3.348","8.1,1.102,6.036,-7.64,11.67,3.922","8.782,1.52,6.954,-9.254,11.542,4.184","9.158,1.518,7.126,-9.092,10.626,5.008","9.586,1.044,6.462,-7.568,8.698,5.698","9.8,0.146,6.128,-5.39,6.138,5.734","10.136,-0.48,5.502,-2.574,4.302,5.72","10.626,-0.59,4.58,0.22,3.28,5.934","11.048,-0.386,4.028,2.272,3.276,6.262","11.428,-0.27,3.856,3.518,3.696,6.012","12.028,-0.502,3.244,3.708,3.498,4.808","12.43,-0.538,2.716,3.334,3.598,3.428","12.232,-0.198,2.758,2.246,3.908,2.392","11.656,0.122,2.084,0.55,2.864,1.93","10.594,0.052,0.662,-0.694,1.324,1.64","9.494,-0.362,-1.234,-1.212,0.654,1.19","8.536,-0.78,-3.768,-0.874,0.614,0.824","6.574,-1.796,-6.774,0.176,0.562,0.55","6.496,-3.872,-11.632,1.564,0.692,0.48","8.188,-5.768,-17.544,2.758,0.942,0.43","8.544,-7.326,-21.798,3.574,1.0,0.386","7.956,-7.456,-25.028,4.092,0.904,0.31","6.6,-5.554,-29.564,4.25,0.626,-0.006","3.798,-0.71,-36.092,4.148,0.138,-0.462","-0.81,6.762,-39.224,3.958,-0.472,-0.938","-6.896,8.892,-39.224,3.732,-1.046,-1.368","-19.55,-0.64,-39.148,3.518,-1.408,-1.758","-38.812,-25.868,-39.224,3.298,-1.554,-2.096","-26.186,-39.226,-39.224,3.186,-1.59,-2.334","-9.606,-38.488,-39.224,3.14,-1.594,-2.556","-29.298,-24.374,-39.224,3.126,-1.634,-2.784","-38.812,24.44,-39.224,3.124,-1.696,-2.972","-38.812,38.704,-36.212,3.028,-1.776,-3.136","-38.562,37.468,-26.568,2.756,-1.848,-3.31","-38.812,38.38,-38.886,2.324,-1.858,-3.496","-38.812,38.704,-39.224,1.848,-1.946,-3.636","-38.806,38.692,-39.004,1.372,-2.122,-3.664","-38.812,37.604,-39.188,0.926,-2.17,-3.61","-38.812,33.936,-39.224,0.618,-2.072,-3.662","-38.812,37.138,-39.22,0.512,-2.018,-3.772","-38.812,31.336,-36.436,0.724,-2.024,-3.738","-38.812,37.508,-31.416,1.094,-1.98,-3.556","-38.812,21.0,-26.592,1.252,-1.896,-3.302","-38.812,5.934,-22.036,1.052,-1.784,-3.126","-38.812,24.14,-10.586,0.778,-1.65,-3.068"
"8.364,2.718,9.416,-3.61,18.948,3.978","8.274,2.016,8.672,0.648,10.81,4.848","8.73,1.046,8.52,7.27,8.696,4.924","9.166,0.606,8.01,15.888,12.18,5.136","9.616,1.302,7.508,15.25,12.486,4.968","10.132,1.544,6.976,8.186,8.888,4.948","10.728,1.016,6.11,5.328,8.184,1.28","10.87,0.404,4.71,1.684,9.904,0.486","10.436,0.36,3.45,0.826,9.18,1.112","9.912,1.0,2.722,3.052,6.382,1.804","9.736,1.338,2.952,5.768,5.984,2.34","10.164,1.198,3.186,6.29,6.38,2.286","10.596,1.04,2.534,4.822,5.862,1.248","10.622,0.988,1.698,4.264,5.094,0.926","8.676,1.132,0.45,3.118,3.934,0.706","8.486,0.932,-1.768,2.414,1.776,0.312","9.91,0.706,-3.896,2.542,-0.81,0.358","11.012,1.87,-6.296,1.194,0.542,-0.792","13.184,2.9,-8.008,0.536,3.592,-0.4","14.794,2.808,-9.67,-0.066,5.126,1.244","14.992,1.856,-12.004,-3.76,5.614,1.2","14.282,1.306,-15.96,-6.368,2.884,1.004","13.344,1.686,-21.316,-7.202,-1.024,-0.502","12.214,3.308,-26.622,-4.754,-3.178,-1.126","11.196,5.766,-29.932,-2.468,-1.904,-1.334","10.978,8.218,-32.732,-2.832,-1.288,-0.062","10.944,8.62,-33.372,-2.996,-1.204,1.014","10.99,5.894,-33.906,-3.062,-0.672,0.128","11.066,2.2,-31.884,-3.302,0.016,-0.472","9.182,-0.552,-29.1,-3.11,-0.242,-0.334","3.262,-0.69,-34.778,-2.564,-0.974,-0.466","-2.45,-1.284,-39.224,-2.014,-1.62,-0.894","-12.02,-3.516,-39.224,-1.644,-2.172,-1.29","-37.128,-15.882,-39.128,-1.48,-2.354,-1.486","-38.812,-20.092,-39.224,-1.384,-2.276,-1.508","-38.44,7.876,-38.814,-1.092,-2.158,-1.456","-38.722,29.564,-30.716,-0.628,-1.982,-1.36","-38.812,34.074,-21.488,-0.166,-1.908,-1.266","-38.808,38.704,-10.396,0.194,-2.012,-1.272","-38.808,38.704,-6.296,0.392,-2.208,-1.376","-38.812,38.61,-29.344,0.464,-2.474,-1.528","-38.812,38.704,-29.258,0.394,-2.76,-1.668","-38.812,32.064,-28.954,0.182,-3.014,-1.772","-38.172,6.638,-37.358,-0.136,-3.19,-1.916","-30.67,-25.316,-39.224,-0.506,-3.218,-2.134","-33.576,-24.394,-39.09,-0.818,-3.156,-2.394","-38.812,18.27,-39.156,-1.016,-3.124,-2.66","-38.812,23.424,-37.28,-1.094,-3.116,-2.916","-38.684,15.834,-26.222,-1.038,-3.124,-3.136","-38.812,33.618,-26.844,-0.874,-3.144,-3.32","-38.812,38.704,-12.12,-0.63,-3.152,-3.476","-38.81,38.636,-14.636,-0.36,-3.15,-3.598","-38.812,38.556,3.88,-0.1,-3.142,-3.708","-38.812,38.704,11.648,0.138,-3.104,-3.822","-38.812,38.704,17.69,0.4,-3.046,-3.934","-38.812,37.268,30.874,0.694,-2.986,-4.016","-38.812,36.554,39.224,1.01,-2.902,-4.04","-38.812,38.704,39.224,1.336,-2.828,-3.998","-38.33,38.704,39.044,1.658,-2.796,-3.878","-37.708,31.25,38.946,2.016,-2.762,-3.672"
"8.67,5.368,4.266,-0.632,12.098,-5.81","9.412,5.79,4.954,2.276,12.388,-3.788","10.784,5.74,5.248,1.112,12.536,-2.734","11.916,6.326,5.334,-8.832,11.988,-3.16","12.836,7.076,5.578,-29.59,13.262,-2.04","13.452,7.78,6.024,-21.232,8.542,3.162","13.812,8.592,6.806,-5.518,6.624,3.166","13.976,9.116,6.858,11.26,11.154,7.346","14.006,9.252,6.622,11.292,15.872,13.64","14.694,8.54,7.572,9.718,16.084,13.542","15.562,7.336,7.56,8.002,12.782,8.716","15.588,6.87,5.712,5.032,6.762,6.064","15.432,6.782,4.23,4.62,5.31,4.93","15.484,6.58,3.792,5.322,7.338,4.194","15.828,6.142,2.822,5.524,8.486,4.106","16.444,5.412,1.816,5.054,8.5,3.19","16.308,4.794,1.072,3.446,7.812,1.462","15.964,4.618,0.246,1.414,6.932,-0.488","14.24,5.478,-1.094,-0.416,6.786,-1.606","13.686,4.856,-1.878,-0.976,6.68,-1.63","15.39,4.776,-1.446,-0.38,6.026,-1.258","17.448,7.64,-3.596,0.576,5.432,-0.616","18.952,10.608,-6.578,1.49,5.372,0.202","19.838,11.092,-6.124,2.272,5.34,0.944","19.496,10.404,-5.454,3.204,5.036,1.586","18.632,10.318,-8.004,3.75,5.138,2.332","18.426,10.218,-10.794,3.82,5.474,2.828","17.944,9.336,-11.714,3.864,5.674,2.67","16.832,8.006,-11.99,3.722,6.004,2.288","15.03,7.114,-13.218,3.694,6.462,2.206","13.3,7.342,-15.966,4.326,6.45,2.01","12.334,7.7,-17.8,5.22,5.924,1.59","13.756,8.072,-21.142,5.282,5.408,1.022","16.28,7.928,-26.11,3.982,5.088,0.262","17.288,8.05,-33.17,2.066,4.962,-0.444","16.588,8.272,-39.224,0.028,5.1,-0.924","14.45,5.542,-39.224,-2.1,5.094,-1.28","10.83,0.864,-39.106,-3.896,4.756,-1.33","6.05,-0.152,-39.224,-4.75,4.022,-0.984","0.52,1.418,-39.224,-4.862,3.232,-0.49","-3.902,2.486,-39.222,-4.888,2.642,-0.082","-26.162,10.976,-37.124,-4.882,2.136,0.306","-38.812,30.472,-36.108,-4.96,1.6,0.68","-38.812,38.704,-31.83,-5.278,1.234,0.926","-38.486,38.704,-32.446,-5.364,1.064,0.986","-38.812,33.96,-39.03,-5.098,0.876,1.022","-38.812,-23.578,17.868,-4.618,0.636,0.988","-36.148,-20.8,-17.146,-3.99,0.408,0.94","-21.718,13.502,-39.224,-3.364,0.054,0.91","-4.95,38.036,-5.028,-3.09,-0.39,0.788","4.088,34.062,-33.506,-3.296,-0.818,0.56","-38.812,-22.696,-39.224,-3.706,-1.302,0.302","-38.812,-39.226,-38.368,-3.952,-1.828,0.004","-33.776,-16.39,-28.738,-3.878,-2.422,-0.338","-36.496,32.536,-33.406,-3.55,-3.036,-0.616","-38.812,38.704,-31.168,-3.024,-3.546,-0.78","-38.812,33.652,-25.352,-2.384,-3.932,-0.956","-38.75,24.17,-13.268,-1.826,-4.256,-1.226","-38.812,17.028,-7.374,-1.8,-4.462,-1.532","-38.812,16.012,-9.84,-2.166,-4.434,-1.794"
"9.22,-0.714,1.538,1.156,5.702,-8.324","9.756,-0.978,1.036,-1.314,1.724,-3.984","10.452,-1.318,1.154,-2.02,6.624,1.008","11.152,-1.736,1.394,-6.474,15.282,4.774","11.318,-2.024,1.9,0.726,10.25,5.92","11.172,-2.368,2.268,9.426,4.332,0.986","10.594,-3.04,1.562,4.156,5.282,4.282","10.13,-3.668,0.82,3.532,6.352,5.91","9.912,-3.588,0.688,3.548,7.85,0.848","10.022,-3.148,0.724,2.08,5.854,0.05","10.568,-3.346,0.642,3.574,1.626,1.574","11.186,-4.24,0.228,5.436,-0.644,1.834","11.352,-5.08,0.0,6.466,-0.54,1.3","11.36,-5.286,-0.428,5.61,1.65,-0.378","11.958,-5.734,-0.644,3.726,3.678,-2.564","12.71,-6.474,-0.302,3.194,5.146,-2.46","13.566,-6.596,-0.756,3.746,7.204,-1.494","14.356,-6.142,-1.978,4.174,9.92,-2.09","15.232,-5.774,-2.814,3.166,10.98,-2.55","15.894,-4.978,-3.228,2.106,6.922,-1.946","15.898,-4.69,-3.064,2.024,1.066,-2.712","15.652,-4.664,-3.582,2.58,0.15,-3.598","15.462,-4.546,-4.504,3.2,1.736,-3.806","15.514,-5.016,-4.74,4.488,3.398,-2.716","15.43,-5.766,-5.328,5.968,4.23,-1.488","15.158,-5.956,-6.416,6.344,3.086,-1.504","14.78,-5.77,-7.914,5.452,1.228,-1.9","14.168,-5.802,-10.22,3.862,0.666,-2.48","13.938,-5.582,-13.084,2.566,1.158,-2.778","12.282,-6.256,-19.184,1.928,1.466,-2.766","9.614,-7.07,-32.156,1.932,1.55,-2.59","8.7,-6.412,-39.224,2.206,1.954,-2.146","11.972,-8.748,-39.224,2.084,2.442,-1.61","14.218,-13.388,-39.072,1.748,2.676,-1.186","11.25,-13.022,-39.224,1.298,2.64,-0.984","10.64,-1.584,-39.224,0.658,2.078,-1.114","9.194,9.892,-39.22,0.082,1.346,-1.306","7.986,11.028,-39.04,-0.37,0.836,-1.392","4.67,10.054,-34.432,-0.792,0.576,-1.298","-1.024,15.562,-31.756,-1.212,0.598,-1.018","-21.446,22.856,-31.078,-1.584,0.714,-0.758","-38.812,12.754,-33.23,-2.044,0.774,-0.588","-38.812,9.532,-39.224,-2.508,0.932,-0.436","-38.406,38.704,-11.278,-2.816,1.1,-0.316","-38.812,38.704,31.678,-2.928,1.062,-0.136","-38.812,16.936,10.318,-2.638,0.806,0.146","-16.598,-39.226,-25.208,-1.838,0.446,0.534","14.452,-39.226,-33.34,-0.872,0.17,0.866","11.4,-20.502,2.996,-0.158,0.106,1.102","-11.102,-2.08,-34.524,0.058,0.16,1.232","-38.812,3.88,-39.224,-0.176,0.23,1.204","-24.224,3.7,-4.1,-0.604,0.108,1.346","-13.746,23.412,1.922,-0.918,-0.356,1.6","-33.288,37.846,14.518,-0.91,-0.77,1.638","-36.996,21.788,24.182,-0.864,-1.006,1.526","-29.604,6.088,11.752,-0.92,-1.238,1.446","-26.736,6.79,11.04,-1.05,-1.488,1.43","-21.032,16.772,6.028,-1.134,-1.714,1.436","-11.392,23.674,5.194,-1.21,-1.818,1.418","-6.864,25.89,2.65,-1.308,-1.838,1.446"
"8.466,2.808,5.796,-10.558,9.136,-15.034","8.228,2.988,5.94,-11.848,20.746,-6.418","7.974,2.83,6.016,-14.198,24.804,-2.938","8.048,2.072,5.958,-14.246,11.822,-0.562","8.256,1.524,5.338,-5.036,4.41,0.948","8.238,1.168,4.494,0.058,3.454,3.136","8.396,1.508,4.066,2.436,3.494,7.124","8.832,2.538,3.598,6.316,0.802,6.598","9.416,3.304,3.422,5.732,0.914,5.658","9.79,3.48,3.088,4.446,3.256,5.026","10.72,3.228,1.918,4.416,4.924,3.024","10.598,3.462,0.814,5.528,4.944,2.248","10.114,3.76,-0.362,7.344,4.128,0.942","10.338,3.132,-1.614,8.27,4.524,-0.396","11.946,3.712,-3.304,7.64,4.504,0.908","13.926,3.98,-5.164,6.674,4.132,2.274","15.656,3.166,-6.664,6.022,3.516,1.658","17.396,1.63,-8.46,5.462,1.404,-0.18","18.128,0.354,-10.31,4.672,0.524,-1.608","17.688,0.18,-11.984,4.022,1.8,-1.684","16.434,0.914,-12.72,3.51,2.884,-1.302","15.208,1.944,-13.778,3.51,2.678,-0.944","14.448,2.656,-15.864,3.78,1.73,-1.012","13.642,2.426,-18.694,3.568,0.426,-1.048","12.174,1.716,-23.23,2.956,-0.434,-0.87","10.306,0.994,-27.522,2.738,-0.81,-0.682","8.506,1.444,-30.998,3.072,-0.862,-0.452","6.538,3.392,-33.394,3.952,-0.912,-0.156","2.028,4.91,-32.428,4.996,-0.85,0.166","-6.698,6.04,-34.752,5.666,-0.486,0.464","-11.872,3.0,-39.224,5.688,-0.22,0.688","-13.878,-6.386,-39.224,5.332,-0.134,0.838","-13.19,-14.146,-39.136,4.5,-0.278,0.836","-23.598,-15.186,-39.224,3.28,-0.992,0.932","-38.812,-13.092,-39.224,2.792,-1.526,1.006","-38.812,0.764,-37.86,2.888,-1.29,0.796","-38.508,16.096,-34.314,2.91,-1.11,0.842","-38.812,17.802,-32.822,2.568,-1.476,1.462","-38.812,21.21,-6.236,1.766,-1.738,1.822","-38.806,32.278,16.014,0.702,-1.624,1.638","-38.812,36.382,20.228,-0.182,-1.572,1.372","-38.812,26.718,-21.096,-0.816,-1.478,1.412","-38.812,1.772,-38.214,-1.07,-1.368,1.516","-38.812,26.734,-35.376,-1.006,-1.382,1.424","-38.082,38.704,-12.464,-0.96,-1.572,1.268","5.216,18.184,-0.248,-1.0,-1.792,1.208","31.684,-39.226,-25.674,-1.052,-1.858,1.214","-13.842,-11.954,-22.75,-1.064,-1.792,1.264","-38.812,22.256,-39.224,-1.066,-1.724,1.324","-38.812,-0.572,-32.858,-1.058,-1.7,1.324","-38.162,-36.37,-1.778,-0.954,-1.694,1.268","-38.728,-30.828,37.968,-0.762,-1.65,1.19","-37.702,3.188,25.316,-0.558,-1.592,1.128","-25.262,15.954,35.824,-0.362,-1.534,1.1","-13.408,21.834,39.224,-0.174,-1.426,1.106","-13.13,17.588,33.352,0.026,-1.27,1.132","-14.956,12.226,17.6,0.224,-1.102,1.126","-23.538,16.032,3.298,0.362,-0.944,1.106","-27.982,17.76,0.762,0.462,-0.798,1.114","-22.336,16.228,-1.392,0.544,-0.682,1.1"
"9.792,2.448,3.128,1.378,9.638,0.656","10.238,2.93,3.25,4.608,11.31,6.31","10.406,3.072,3.032,6.456,11.264,8.438","10.338,2.098,2.316,7.808,10.704,4.684","10.188,0.604,1.144,4.292,10.462,3.604","9.918,-0.178,0.086,2.144,8.96,2.526","9.784,0.258,-0.112,1.554,6.732,1.93","9.974,1.162,0.368,1.996,5.836,1.628","10.382,1.55,0.52,2.826,6.238,1.778","10.756,1.75,-0.502,4.088,6.596,2.17","11.13,1.652,-2.122,5.654,5.664,2.15","11.114,1.264,-3.15,6.846,4.15,1.758","11.606,0.59,-4.51,7.564,3.52,1.448","11.818,-0.01,-5.576,7.298,3.472,1.196","13.074,-0.106,-6.596,6.026,3.25,0.8","14.234,-0.33,-7.09,4.404,2.896,0.254","14.798,-0.798,-7.762,3.052,2.566,-0.572","15.13,-1.444,-9.06,1.87,2.166,-1.506","14.946,-1.97,-10.85,1.016,2.406,-1.364","14.256,-2.224,-12.97,0.312,3.03,-1.282","13.502,-2.616,-15.364,0.006,2.864,-0.842","12.904,-3.5,-17.962,-0.366,1.69,-0.62","12.044,-3.512,-20.882,-0.328,0.228,-0.582","10.684,-2.334,-24.788,0.222,-0.04,-0.412","9.792,-1.94,-28.076,0.754,-0.53,-0.742","9.84,-3.8,-29.622,0.742,-1.084,-0.976","10.434,-6.376,-30.924,0.318,-0.412,-0.762","10.88,-8.624,-33.324,-0.428,0.364,-0.386","11.194,-12.13,-38.362,-0.724,0.874,0.266","8.62,-12.68,-39.224,-0.252,1.946,0.824","3.164,-9.522,-39.182,-0.638,1.784,0.628","-19.378,-5.964,-39.196,-1.26,0.072,-0.424","-38.812,-6.768,-39.224,-1.926,-1.784,-1.738","-38.812,-1.926,-39.2,-2.88,-2.828,-2.442","-38.362,16.874,-33.06,-3.878,-2.728,-2.004","-38.812,28.722,-20.952,-4.484,-2.108,-1.17","-38.812,23.676,-11.948,-4.394,-1.684,-0.866","-38.804,13.506,-19.904,-3.95,-1.828,-1.298","-38.812,30.71,-39.224,-3.708,-2.278,-1.97","-38.812,38.704,-39.224,-3.956,-2.668,-2.466","-38.812,38.7,-30.926,-4.472,-3.006,-2.724","-37.554,37.452,-31.248,-4.836,-3.224,-2.734","-13.926,9.234,-28.664,-4.578,-3.352,-2.51","-9.77,-29.708,-39.224,-3.902,-3.468,-2.278","-28.08,-10.402,-39.224,-3.312,-3.362,-2.248","-38.812,-14.798,-38.52,-2.884,-3.276,-2.15","-38.812,-39.226,8.084,-2.514,-3.448,-1.962","-38.534,-2.346,13.216,-2.326,-3.686,-1.776","-38.812,38.704,-2.682,-2.378,-3.832,-1.64","-38.812,38.704,-0.168,-2.416,-3.924,-1.676","-38.806,38.204,-6.756,-2.29,-3.942,-1.788","-38.812,36.494,-13.654,-1.734,-3.888,-1.828","-38.812,27.042,-15.298,-0.574,-3.996,-1.748","-38.812,21.104,-12.31,0.788,-4.262,-1.536","-38.812,19.094,-10.004,2.028,-4.564,-1.174","-38.812,17.236,-11.624,3.204,-4.796,-0.732","-38.812,16.358,-11.32,4.35,-4.774,-0.316","-38.812,18.71,-7.67,5.304,-4.37,-0.106","-38.812,22.764,-1.742,5.958,-3.866,0.07","-38.812,24.924,2.526,6.614,-3.5,0.506"
"9.786,0.826,7.746,8.54,3.918,-4.132","10.028,0.784,8.936,14.228,4.132,-4.086","9.814,0.242,10.004,11.744,4.544,0.322","8.936,-0.262,9.856,8.012,11.304,0.302","8.244,-0.864,8.93,8.968,14.95,8.592","8.43,-1.194,7.156,-3.398,10.664,4.882","9.034,-1.052,6.638,-9.806,5.484,-4.874","9.834,-1.578,7.318,-10.324,4.344,-3.23","9.94,-2.528,6.728,-8.34,4.302,-0.816","9.178,-2.91,5.324,-4.158,2.468,4.026","8.59,-3.502,4.75,0.538,3.376,4.754","8.348,-4.496,4.172,-0.278,6.238,2.472","7.898,-4.844,3.496,-1.03,3.772,4.06","7.248,-4.324,3.21,0.634,4.596,4.166","6.794,-3.64,2.922,1.872,5.884,2.146","6.39,-3.272,2.104,0.694,4.87,1.298","5.932,-3.38,1.53,0.322,4.284,1.546","5.444,-3.73,0.832,1.91,4.57,1.902","4.872,-3.82,-0.094,4.01,5.048,2.374","4.29,-3.444,-0.536,5.314,5.358,2.802","3.828,-3.504,-0.664,5.998,5.486,2.574","3.538,-4.422,-1.174,6.118,5.196,1.7","3.226,-5.392,-2.376,5.334,4.622,0.872","3.292,-5.762,-3.966,4.264,4.036,0.512","3.906,-5.618,-5.088,3.544,3.37,0.518","4.462,-5.18,-4.95,3.25,2.858,0.708","4.758,-5.012,-4.036,3.526,2.906,0.924","5.196,-5.238,-4.636,4.004,3.142,1.026","4.494,-6.46,-7.53,4.618,3.006,0.97","3.98,-10.202,-14.174,5.13,2.474,0.854","6.89,-16.428,-22.498,5.574,1.942,0.816","11.756,-25.18,-20.902,5.904,1.49,0.678","17.198,-29.946,-14.606,5.854,1.004,0.468","19.796,-26.126,-13.138,5.116,0.66,0.312","22.558,-22.448,-13.634,4.052,0.42,0.154","17.792,-16.072,-13.396,2.998,0.244,-0.046","9.876,-13.318,-20.086,2.246,0.22,-0.224","3.062,-14.912,-27.764,1.8,0.264,-0.346","-6.426,-10.406,-16.368,1.444,0.142,-0.376","-27.772,10.948,-8.886,1.332,-0.052,-0.3","-38.812,36.264,4.904,1.392,-0.174,-0.278","-38.812,38.704,26.824,1.392,-0.33,-0.27","-38.54,36.518,19.128,1.48,-0.486,-0.19","-38.812,15.286,3.466,1.724,-0.472,-0.142","-38.574,17.508,-6.126,1.966,-0.394,-0.112","-25.004,25.62,17.994,2.124,-0.368,-0.04","4.82,-20.056,-26.022,2.176,-0.312,0.042","21.92,-39.226,-39.224,1.992,-0.32,0.004","-4.532,-31.42,-19.482,1.686,-0.332,0.058","5.706,3.47,-22.69,1.27,-0.422,0.048","-19.302,31.052,-14.286,0.802,-0.572,0.046","-38.812,38.704,-12.638,0.41,-0.54,0.084","-33.704,20.18,-11.028,0.202,-0.584,0.026","-28.834,-15.952,1.452,-0.024,-0.638,0.002","-29.038,-18.822,0.038,-0.202,-0.712,0.034","-37.014,7.216,4.302,-0.362,-0.824,0.002","-38.0,26.456,29.042,-0.598,-0.908,-0.062","-36.588,26.824,13.842,-0.88,-1.05,-0.164","-36.624,17.334,11.622,-1.034,-1.242,-0.24","-32.156,21.328,12.598,-1.13,-1.292,-0.222"
"-1.24,1.004,-1.766,-0.402,12.25,9.772","-2.454,0.898,-0.946,-1.616,13.184,10.376","-3.14,1.126,-0.588,-5.802,10.298,7.444","-3.54,1.242,-0.51,-6.792,7.202,5.792","-3.112,1.044,-0.954,-3.858,4.716,7.402","-2.156,1.208,-1.78,0.882,4.178,8.822","-1.298,2.202,-2.308,3.864,4.806,8.748","-0.784,3.076,-2.106,4.438,5.026,7.952","-0.384,2.764,-1.5,4.138,5.186,7.188","0.208,2.086,-2.1,3.376,4.882,6.234","0.678,1.54,-3.268,2.474,4.296,5.202","0.882,0.838,-3.372,1.558,3.74,4.372","1.346,0.532,-3.882,0.724,3.246,3.67","2.016,1.04,-5.414,0.21,2.966,3.274","2.584,2.066,-6.964,0.198,2.856,3.14","2.928,2.944,-8.874,0.456,2.702,3.036","2.86,3.136,-11.688,0.666,2.542,2.938","2.478,2.966,-14.948,0.716,2.374,2.846","2.538,2.898,-18.204,0.562,2.116,2.738","3.03,3.154,-20.868,0.364,1.832,2.638","3.35,4.252,-23.598,0.2,1.682,2.53","4.554,5.99,-26.914,-0.072,1.584,2.384","6.228,8.992,-32.218,-0.302,1.54,2.234","6.732,12.658,-38.218,-0.33,1.502,2.19","5.96,13.77,-39.224,-0.14,1.44,2.176","4.282,11.374,-39.182,0.188,1.334,2.13","-1.442,7.342,-39.194,0.536,1.24,2.03","-19.828,3.728,-39.224,0.772,1.106,1.882","-38.812,6.178,-39.224,0.91,0.816,1.722","-37.482,19.174,-39.224,0.91,0.484,1.542","-38.416,36.652,-39.224,0.788,0.286,1.256","-38.812,31.664,-39.224,0.648,0.138,0.958","-38.8,32.754,-39.224,0.696,-0.12,0.762","-38.8,38.704,-23.464,0.898,-0.408,0.612","-38.812,38.704,15.634,1.178,-0.528,0.494","-38.812,38.564,-0.168,1.356,-0.66,0.294","-38.812,38.704,-24.264,1.364,-0.78,0.044","-38.812,38.704,-29.31,1.346,-0.8,-0.178","-38.812,38.702,-22.002,1.346,-0.89,-0.416","-38.812,38.704,-1.286,1.36,-1.146,-0.652","-33.328,21.11,-27.864,1.364,-1.554,-0.868","-35.2,-0.75,-39.224,1.256,-1.776,-1.26","-38.812,38.704,-39.028,1.118,-2.196,-2.352","-37.802,-4.438,-38.686,1.026,-3.9,-3.256","-38.158,-39.226,-39.224,0.966,-4.968,-3.596","-33.988,-14.402,-28.9,0.078,-5.092,-3.826","-33.512,29.658,-23.892,-1.168,-4.792,-3.326","-38.812,38.704,-19.71,-2.45,-3.932,-2.46","-38.812,30.5,-18.902,-3.602,-2.864,-0.712","-38.692,-4.32,-14.336,-2.826,1.05,-1.194","-38.812,-17.99,-8.99,-2.562,1.952,-2.992","-38.812,-9.934,-2.618,-2.224,1.31,-4.766","-38.81,-1.594,3.03,-2.11,-1.408,-5.102","-38.722,0.756,5.194,-2.404,-0.83,-5.194","-37.482,1.156,4.824,-4.288,3.11,-6.76","-35.61,2.536,4.642,-4.542,2.712,-6.878","-33.316,3.476,5.892,-4.01,0.152,-4.472","-30.752,3.276,6.262,-2.126,-0.498,-3.436","-27.758,1.116,5.866,-0.102,-0.382,-3.902","-24.84,-1.212,4.654,0.834,-1.624,-3.746"
"5.114,-1.502,0.596,6.326,20.12,-3.56","5.614,-0.024,0.246,2.618,19.678,-9.584","6.104,1.884,-0.924,-2.208,21.764,-3.564","7.078,3.102,-1.54,-4.252,22.052,-0.11","8.108,2.856,-1.23,-8.746,18.544,-1.414","8.786,1.842,-1.878,-12.874,15.77,-2.268","9.134,0.064,-2.624,-14.114,13.352,0.444","9.23,-1.616,-3.328,-10.874,11.412,4.39","8.82,-3.414,-3.64,-6.44,9.868,6.218","9.046,-4.216,-4.726,-3.372,9.18,7.27","9.348,-3.082,-5.34,-0.266,9.346,7.712","9.644,-1.776,-4.43,1.11,9.158,7.732","10.428,-1.306,-4.206,1.706,8.39,7.072","10.612,-1.86,-4.134,2.574,8.548,6.526","10.724,-3.43,-3.304,3.5,8.358,6.218","11.212,-4.594,-3.124,4.682,7.628,5.568","11.894,-4.924,-2.426,5.282,7.644,4.876","13.184,-4.27,-1.8,5.07,8.176,4.548","15.0,-3.038,-0.808,4.428,8.51,4.516","16.526,-2.09,1.136,3.468,8.5,4.596","17.588,-2.142,1.33,2.446,7.706,4.538","18.578,-2.572,0.318,1.598,6.48,4.344","20.282,-2.736,-1.552,0.86,6.214,4.352","22.856,-2.532,-4.03,-0.168,6.67,4.712","24.536,-1.464,-6.052,-1.086,6.808,4.936","24.31,0.262,-7.872,-1.926,6.536,4.784","23.32,1.51,-9.92,-2.962,5.846,4.414","23.214,2.32,-12.316,-4.084,5.054,4.058","24.572,4.23,-17.528,-5.092,4.37,3.874","27.908,4.546,-21.832,-5.67,3.874,3.864","28.592,3.876,-22.986,-5.712,3.43,3.836","24.054,7.148,-25.002,-5.186,2.628,3.488","17.678,11.706,-29.412,-4.572,1.756,3.25","8.992,12.03,-38.3,-4.064,1.096,3.194","-2.872,10.738,-39.224,-3.804,0.628,2.88","-11.276,9.062,-39.11,-3.738,0.398,2.328","-11.348,9.134,-39.186,-3.724,0.27,1.736","-18.424,16.428,-39.224,-3.68,0.078,1.204","-27.598,17.808,-39.224,-3.78,-0.22,0.63","-38.812,21.65,-39.224,-4.13,-0.828,0.006","-38.812,36.062,-38.24,-4.634,-1.516,-0.448","-38.598,38.704,-19.868,-4.89,-2.234,-0.902","-38.808,38.586,-20.764,-4.824,-2.79,-1.31","-38.812,31.004,-39.116,-3.978,-3.016,-1.648","-38.808,31.858,-39.224,-3.136,-2.964,-2.176","-38.812,37.318,-13.992,-2.406,-2.734,-2.59","-38.636,-18.118,-7.356,-1.928,-2.434,-3.0","-38.606,-39.226,-39.224,-2.064,-2.19,-3.43","-38.812,14.42,-39.224,-2.496,-2.06,-3.82","-38.812,38.704,-38.618,-2.99,-2.224,-4.254","-38.808,21.996,-39.184,-3.522,-2.672,-4.722","-38.812,5.536,-39.224,-4.086,-3.152,-5.266","-38.812,19.868,-27.432,-4.54,-3.536,-5.732","-38.812,27.644,-4.98,-4.77,-3.658,-6.056","-38.812,26.46,3.074,-4.884,-3.49,-6.388","-38.812,27.104,4.336,-4.848,-3.232,-6.65","-38.812,34.702,-0.372,-4.49,-3.164,-6.698","-38.812,31.068,-2.266,-4.124,-3.154,-6.728","-38.812,20.468,-7.65,-3.954,-3.008,-6.9","-38.812,19.408,-15.508,-3.832,-2.702,-7.064"
"11.214,9.77,10.356,4.304,15.588,2.386","11.212,9.0,10.886,8.21,22.892,-2.604","10.84,8.312,11.202,3.068,19.296,-2.282","10.848,7.716,10.364,-3.974,17.872,1.08","11.304,6.692,9.058,-7.068,19.512,2.33","11.79,5.196,7.3,-10.304,16.958,1.188","12.338,3.258,5.512,-10.892,11.952,1.574","12.748,2.238,4.162,-11.92,10.76,4.88","12.914,2.73,3.556,-8.818,10.868,5.554","13.166,2.9,2.954,-5.938,8.862,5.958","13.478,2.02,2.278,-5.47,7.102,5.682","13.804,1.628,1.358,-5.21,6.4,5.362","13.634,1.728,0.26,-5.222,5.756,5.826","13.272,1.96,-1.062,-3.974,5.468,5.82","13.022,2.124,-2.346,-1.856,5.196,6.056","12.89,1.84,-3.45,0.64,5.046,6.368","12.814,1.672,-4.544,3.162,5.216,6.406","12.732,1.406,-6.106,5.06,5.548,6.474","12.826,0.888,-7.518,6.234,6.042,6.278","12.72,0.264,-7.836,6.57,6.266,5.902","12.712,-0.496,-7.508,6.706,6.584,5.476","13.034,-0.718,-7.538,6.888,7.142,5.264","13.4,-0.468,-7.516,6.862,7.44,5.084","14.592,-0.678,-7.962,6.73,7.24,5.164","16.264,-1.306,-8.792,6.81,6.332,5.51","17.742,-1.438,-9.3,6.97,4.898,5.544","19.038,-0.664,-9.894,6.874,4.036,5.484","20.074,-0.634,-9.176,6.744,4.464,5.18","21.756,-1.57,-8.682,6.812,5.494,4.504","23.436,-2.146,-9.188,6.186,5.766,4.012","24.478,-3.008,-10.592,4.72,5.134,3.514","23.94,-2.826,-12.974,2.988,4.416,2.668","23.26,-2.224,-18.952,1.182,3.796,1.932","22.044,-1.418,-26.358,-0.384,3.598,1.318","19.204,2.398,-36.32,-1.66,3.612,0.81","13.298,4.052,-39.224,-2.872,3.588,0.51","2.312,2.456,-39.2,-3.97,3.058,0.452","-6.646,15.71,-39.142,-5.082,1.856,0.418","-18.968,26.954,-39.224,-5.39,0.346,0.168","-23.684,21.054,-39.224,-4.938,-1.294,-0.522","-36.202,22.542,-38.736,-4.804,-2.692,-1.184","-38.812,37.994,-33.866,-5.136,-3.48,-1.202","-38.68,38.704,1.166,-6.03,-2.894,-1.298","-38.726,37.83,-29.178,-7.346,-1.784,-1.918","-38.812,31.336,-8.542,-8.61,-1.354,-2.506","-38.812,37.948,37.116,-9.092,-1.66,-3.402","-38.81,24.382,-12.822,-9.11,-2.192,-4.792","-34.87,-21.518,-32.004,-8.876,-2.398,-6.012","-26.266,-32.066,-39.224,-9.174,-2.932,-6.924","-36.094,6.434,-39.224,-10.012,-2.532,-7.198","-38.812,29.176,-39.102,-9.942,-0.846,-7.628","-38.706,2.93,-39.224,-9.926,0.086,-8.402","-38.726,-3.164,-39.224,-9.732,0.784,-8.612","-38.812,8.086,-33.754,-8.926,2.062,-8.784","-38.812,20.262,-20.548,-6.626,2.83,-9.658","-38.81,26.632,-11.65,-3.954,2.274,-10.66","-38.812,25.52,-5.82,-1.136,1.012,-10.046","-38.812,23.93,-5.214,1.138,0.634,-9.226","-38.812,19.43,-4.136,2.466,0.704,-9.142","-38.812,15.628,-4.794,3.756,1.254,-9.112"
"-2.68,5.844,5.812,3.754,28.674,-4.154","-2.588,6.122,6.678,12.168,26.512,-3.74","-2.158,7.922,7.924,10.15,19.726,-2.396","-1.528,10.094,8.59,9.398,18.172,-1.57","-0.92,10.976,7.762,4.428,16.026,-12.26","-1.192,8.692,8.082,-5.884,17.502,-8.248","-1.744,6.71,8.06,-10.136,23.598,-2.198","-2.48,5.842,9.864,-8.676,19.624,-0.038","-3.07,6.31,11.722,-4.756,12.152,0.254","-2.244,8.432,14.316,-1.618,11.4,2.244","0.456,10.336,14.902,1.526,11.798,2.484","4.744,9.534,13.07,1.792,9.156,4.35","9.258,6.948,10.54,3.176,6.406,4.932","12.064,4.114,8.508,3.358,5.89,4.65","12.872,3.39,6.386,3.48,6.4,3.76","12.082,3.728,4.016,3.772,6.498,2.616","12.128,2.068,2.334,3.834,5.864,2.298","14.538,-0.388,0.834,3.776,4.418,1.84","17.292,-1.134,-0.972,3.69,3.73,1.668","19.042,-0.88,-2.426,3.478,3.774,1.864","19.89,0.392,-3.34,3.4,3.432,1.754","19.654,2.102,-3.872,3.284,2.936,1.612","18.836,3.132,-4.064,2.934,2.85,1.644","17.978,2.784,-4.364,2.24,2.748,1.602","17.302,1.814,-5.366,2.096,2.342,1.424","16.788,0.446,-5.992,2.22,1.758,1.268","15.816,-0.62,-7.176,2.126,0.984,1.226","15.28,-1.298,-8.418,1.552,0.296,1.186","14.86,-1.63,-10.734,0.624,-0.026,1.144","14.346,-2.06,-13.146,-0.096,0.084,1.044","14.136,-1.44,-16.186,-0.198,-0.11,0.678","13.97,0.578,-20.46,0.0,-0.042,0.596","12.018,2.46,-21.856,-0.094,0.412,0.886","5.874,3.334,-20.878,0.038,0.92,1.02","-1.816,2.802,-27.366,0.092,1.31,1.154","-4.666,-2.444,-39.022,-0.006,1.012,1.136","-10.754,-11.922,-39.224,-0.006,0.546,1.03","-30.812,-16.774,-39.05,-0.166,0.146,0.886","-38.812,-4.13,-39.2,-0.702,-0.392,0.65","-38.812,16.19,-39.224,-1.228,-0.902,0.464","-38.604,21.62,-38.958,-1.894,-1.232,0.368","-38.812,23.874,-25.222,-2.532,-1.4,0.232","-38.812,37.544,-0.544,-3.04,-1.32,-0.028","-38.808,38.704,13.858,-3.436,-1.126,-0.298","-38.812,36.11,18.4,-3.732,-1.042,-0.556","-38.812,10.902,-10.034,-3.768,-1.048,-0.784","-38.812,-35.158,-36.548,-3.674,-1.146,-0.98","-38.812,-6.028,-16.678,-3.534,-1.302,-1.134","-35.208,38.704,-7.804,-3.348,-1.44,-1.298","-16.968,4.308,-23.4,-3.162,-1.564,-1.56","-20.922,-38.622,-39.224,-3.01,-1.708,-1.946","-38.812,7.066,-39.194,-2.896,-1.852,-2.308","-38.812,15.82,-35.326,-2.702,-2.02,-2.58","-38.476,-2.988,-15.664,-2.346,-2.314,-2.75","-38.812,-0.672,0.128,-2.19,-2.59,-2.918","-38.812,9.194,6.486,-2.09,-2.626,-3.11","-38.806,15.082,1.364,-1.852,-2.484,-3.324","-38.57,11.96,7.118,-1.536,-2.502,-3.476","-38.554,17.508,9.416,-1.158,-2.682,-3.448","-38.812,22.098,6.848,-0.824,-2.906,-3.306"
"-0.422,-1.506,0.484,21.914,7.106,-9.782","-0.324,-2.402,0.392,25.22,4.822,-13.97","-0.354,-2.922,0.574,22.718,0.986,-13.212","-0.332,-2.478,1.236,19.762,6.43,-10.43","-0.666,-1.024,2.484,16.678,9.794,-10.326","-0.55,0.586,1.336,8.934,2.046,-10.824","0.128,0.344,0.84,-3.392,-2.484,-11.158","-0.502,-0.862,3.492,-8.684,1.524,-10.556","-1.1,-1.812,3.678,-10.484,7.992,-7.494","-0.944,-2.254,3.998,-13.396,8.686,-3.978","-0.976,-1.246,4.758,-13.958,6.884,-2.95","-1.342,-1.032,5.024,-11.782,4.99,-1.936","-1.382,-1.728,4.966,-7.538,5.398,-1.92","-1.904,-1.412,5.188,-5.482,3.962,-1.534","-2.984,-0.69,6.12,-4.924,2.086,0.93","-4.528,-0.744,7.384,-2.94,1.834,2.488","-6.452,-1.866,8.392,-0.196,2.832,1.146","-8.224,-4.12,9.486,-1.94,4.906,0.772","-9.352,-6.206,10.898,-2.098,3.274,0.854","-10.228,-6.178,12.378,-1.838,2.808,0.432","-11.756,-3.996,13.678,-0.434,2.492,0.476","-14.396,-2.54,14.166,1.744,1.884,1.356","-17.26,-3.586,13.446,4.312,1.936,1.922","-19.92,-5.574,12.37,5.7,2.402,1.658","-21.862,-7.47,11.612,5.86,2.64,1.384","-22.338,-8.632,10.93,5.682,2.418,1.192","-22.268,-9.964,10.04,5.804,1.988,0.938","-21.776,-12.066,9.018,6.342,1.65,0.988","-20.934,-14.246,8.11,7.026,1.494,1.134","-20.97,-14.876,7.91,7.346,1.504,1.092","-22.778,-14.552,7.74,7.27,1.74,0.94","-25.004,-15.644,6.328,7.182,1.758,0.826","-25.958,-18.854,2.682,7.14,1.43,0.82","-25.174,-22.536,-3.438,7.068,1.13,0.92","-23.84,-26.116,-7.362,6.774,0.982,0.906","-21.34,-28.216,-14.296,6.404,0.848,0.812","-18.27,-29.45,-24.836,6.196,0.688,0.834","-16.388,-32.73,-29.192,6.326,0.448,0.99","-22.46,-30.682,-30.522,6.292,0.442,1.104","-37.586,-26.776,-31.718,6.146,0.43,1.342","-38.812,-9.838,-30.562,6.57,0.23,1.666","-38.608,25.604,-19.666,6.844,0.568,1.898","-38.754,38.704,-2.018,6.74,0.942,2.306","-38.812,38.704,0.196,6.404,0.862,2.832","-38.81,38.374,-3.492,6.044,0.902,3.2","-38.81,29.032,-9.472,6.076,0.93,3.668","-37.604,-20.096,-21.458,6.586,0.856,4.28","-22.84,-39.226,-25.736,6.74,0.772,4.564","-32.37,-27.698,-29.632,6.088,0.64,4.564","-38.812,-3.342,-37.026,4.85,0.922,4.598","-37.992,23.262,-14.692,3.282,1.452,4.642","-25.218,33.878,-8.614,1.606,1.644,4.764","4.42,32.128,-19.622,0.354,1.532,4.98","0.476,9.992,-32.574,-0.306,1.36,5.044","-26.548,6.29,-34.98,-0.912,1.094,4.952","-21.204,8.242,-32.444,-1.476,0.848,4.842","-15.924,-0.214,-23.508,-1.878,0.576,4.58","-15.226,-2.418,-19.102,-2.218,0.17,4.248","-14.758,1.642,-9.492,-2.392,-0.214,4.0","-14.098,2.882,-2.012,-2.394,-0.352,3.724"
"14.75,4.18,5.226,8.358,14.398,-4.504","14.268,3.772,5.584,8.442,14.932,-4.792","14.048,2.778,5.158,5.524,16.252,1.034","13.988,1.84,4.466,7.644,19.484,-1.208","13.904,1.198,4.102,1.426,16.848,-1.764","13.482,0.392,4.642,-4.798,13.224,-1.542","12.724,-0.192,4.716,-7.626,11.804,-2.246","11.81,-1.072,3.732,-7.196,9.178,-3.798","11.24,-1.838,2.574,-6.432,9.278,-0.302","10.614,-1.356,1.67,-4.072,9.238,2.48","10.194,-0.268,1.058,0.446,7.906,2.336","9.938,0.65,0.178,2.19,6.98,3.416","9.844,1.32,-0.608,4.22,7.472,2.882","9.838,1.654,-0.738,4.064,8.08,2.736","9.724,1.53,-1.006,3.822,8.19,2.124","9.714,1.096,-1.516,3.892,8.446,1.848","10.204,1.028,-2.44,3.926,8.176,1.732","10.55,1.352,-2.784,4.214,7.692,1.446","11.03,1.254,-3.014,4.524,7.876,1.48","11.872,0.926,-3.89,4.634,8.176,1.584","13.06,0.556,-5.07,4.742,8.106,1.562","14.596,0.262,-6.044,4.704,8.048,1.524","16.0,-0.262,-6.536,4.438,7.38,1.396","17.424,-1.132,-6.922,4.522,6.528,1.47","18.484,-1.392,-7.782,4.822,6.422,1.564","19.196,-1.316,-9.07,4.69,6.254,1.408","19.798,-0.846,-11.15,4.594,5.516,1.144","20.25,0.356,-14.488,4.304,4.784,0.694","19.79,0.792,-17.636,3.34,4.472,0.49","19.718,0.11,-22.96,2.218,4.532,0.26","21.358,-0.352,-28.356,1.024,4.598,0.008","22.776,0.7,-30.652,-0.444,4.476,0.02","20.442,1.638,-36.94,-1.964,4.144,0.176","16.106,0.302,-39.224,-3.33,3.6,0.378","12.426,-3.172,-39.224,-4.678,2.858,0.546","3.97,-1.306,-39.162,-5.938,1.892,0.7","-17.416,9.668,-39.224,-7.062,0.948,0.91","-33.712,21.236,-39.224,-7.868,0.02,1.392","-36.342,27.122,-39.224,-8.128,-1.04,1.414","-38.812,32.566,-35.576,-8.362,-2.496,1.178","-38.812,38.704,-19.022,-9.27,-3.826,1.114","-38.756,38.704,11.466,-10.65,-4.08,0.852","-38.812,34.14,-6.034,-11.212,-4.004,-0.424","-38.812,12.448,-37.854,-10.662,-3.854,-2.074","-38.812,36.646,25.62,-10.372,-3.854,-2.97","-34.284,12.566,24.378,-8.814,-3.75,-3.848","-15.882,-39.226,-15.586,-7.232,-4.368,-5.316","-34.222,-31.788,-39.224,-6.304,-5.742,-5.472","-38.812,12.07,-39.224,-5.444,-5.75,-4.664","-38.614,27.934,-38.648,-4.62,-4.266,-4.696","-38.662,24.652,-36.212,-5.796,-2.958,-5.19","-38.812,20.808,-35.992,-8.306,-1.844,-5.772","-38.71,5.55,-24.078,-8.076,-1.838,-7.32","-38.812,2.788,-8.532,-7.938,-2.452,-7.85","-38.812,13.216,-13.874,-6.104,-2.278,-8.718","-38.81,15.838,-2.452,-3.258,-2.934,-8.954","-38.812,21.886,-1.266,-0.884,-2.208,-8.212","-38.812,22.77,0.798,0.052,-1.676,-7.75","-38.812,27.296,-2.594,1.73,-1.658,-7.416","-38.812,24.152,-2.966,2.668,-1.446,-6.836"
"6.018,1.592,2.002,8.048,21.804,-6.76","6.608,1.076,1.942,6.378,16.98,-2.096","7.204,1.476,2.246,5.026,19.126,-10.28","7.518,1.758,2.932,-4.954,17.508,-9.784","7.592,1.27,3.586,-10.54,16.752,-6.194","7.524,1.03,3.784,-15.552,17.048,-1.806","6.988,1.75,4.454,-13.384,13.44,-1.096","6.608,2.508,5.786,-9.42,8.768,-0.488","6.77,2.192,6.504,-7.838,8.98,4.264","7.286,0.748,6.64,-4.298,9.466,7.0","7.95,0.128,6.768,0.104,7.598,6.488","8.25,0.556,7.156,2.872,6.384,7.064","8.438,1.262,6.116,4.69,6.11,8.05","8.864,1.236,5.024,5.846,5.728,7.424","9.686,1.32,4.864,5.692,5.834,6.774","10.512,1.746,3.646,4.816,6.548,6.08","11.47,1.77,2.166,3.986,6.876,5.224","12.54,1.332,0.672,3.518,6.496,4.294","13.362,1.182,-1.018,2.98,5.94,3.542","13.696,1.638,-2.602,2.094,5.846,3.08","13.998,1.92,-4.094,0.826,5.936,2.736","14.632,1.876,-6.03,-0.108,5.42,2.352","14.94,1.718,-7.914,-0.39,4.506,1.798","14.988,1.512,-9.85,-0.506,3.888,1.566","15.122,1.806,-12.294,-0.634,3.942,1.852","15.622,1.662,-14.684,-0.63,4.182,2.056","16.456,0.852,-17.154,-1.248,3.984,1.942","16.712,0.396,-19.78,-1.618,3.834,1.78","16.4,0.31,-21.606,-1.984,3.564,1.584","13.91,1.802,-24.146,-2.242,3.106,1.59","9.908,4.644,-26.272,-2.368,2.566,1.442","6.592,9.364,-31.432,-2.376,1.952,1.164","3.55,12.622,-38.622,-2.564,1.332,0.992","0.658,5.494,-39.224,-2.964,1.198,0.64","-3.274,-7.314,-39.136,-3.316,1.462,-0.054","-6.566,-10.582,-39.196,-3.416,1.608,-0.414","-19.57,4.652,-39.224,-3.136,1.572,-0.43","-34.15,16.02,-39.224,-2.682,1.276,-0.844","-38.812,21.346,-39.224,-2.394,0.748,-1.512","-38.812,26.61,-38.71,-1.676,0.312,-2.204","-38.692,30.638,-23.664,-0.888,-0.246,-2.632","-38.812,31.472,-5.674,0.002,-0.012,-2.412","-38.812,27.95,0.696,0.62,0.0,-2.244","-38.81,22.97,-11.532,0.632,-0.104,-2.008","-38.812,4.05,-39.224,0.732,0.302,-1.892","-38.812,-17.384,-17.888,0.768,0.474,-1.868","-38.812,38.704,-7.872,0.704,-0.164,-1.734","-38.662,34.84,-13.394,1.182,-0.49,-1.71","-38.662,3.408,-39.224,1.488,-1.048,-1.612","-32.774,10.836,-39.224,1.354,-1.5,-1.358","-34.692,23.956,-38.74,0.87,-1.69,-1.338","-38.812,4.126,-38.134,-0.008,-1.65,-1.38","-38.812,-14.034,-16.292,-0.588,-1.53,-1.512","-38.704,-6.684,-4.544,-1.142,-1.718,-1.72","-38.812,0.168,-9.204,-1.48,-2.01,-1.882","-38.812,0.69,-3.736,-1.662,-2.202,-2.07","-38.81,3.692,1.754,-1.81,-2.38,-2.23","-38.812,11.54,0.632,-1.822,-2.506,-2.216","-38.812,16.748,1.932,-1.776,-2.55,-2.126","-38.812,19.016,3.154,-1.672,-2.59,-2.034"
"4.464,-0.768,7.528,-6.162,5.21,-5.79","4.526,-1.004,7.162,-9.418,10.624,-6.124","4.736,-1.378,6.872,-12.458,11.926,-3.446","5.154,-1.658,6.842,-14.228,11.568,-0.602","5.544,-2.352,6.872,-8.33,11.116,2.684","5.578,-3.014,6.166,-4.0,10.02,4.354","5.57,-3.074,5.776,-1.418,7.558,5.16","5.47,-2.098,5.812,0.8,6.01,5.32","5.216,-1.488,5.008,1.942,4.728,5.834","5.24,-1.884,3.652,3.388,4.27,6.816","5.68,-2.364,2.424,4.426,3.92,6.954","6.214,-2.342,1.516,4.69,3.322,6.656","6.592,-2.304,0.814,4.776,2.692,6.386","6.828,-2.294,0.168,4.996,2.278,6.2","6.968,-1.55,-0.388,5.506,2.198,5.612","7.028,-0.392,-1.264,6.172,2.346,4.798","6.774,0.122,-2.524,6.52,2.804,4.082","6.422,0.13,-3.646,6.722,3.176,3.44","6.13,0.364,-5.232,6.704,3.154,2.722","6.372,1.084,-7.512,6.38,3.092,1.958","7.676,1.826,-9.078,5.908,2.986,1.072","9.516,1.862,-9.966,5.254,2.956,0.028","12.188,0.756,-11.548,4.516,3.016,-1.034","15.104,-1.132,-13.002,3.434,3.156,-2.032","17.476,-2.554,-13.624,2.0,3.108,-2.58","18.86,-2.45,-13.418,0.38,2.826,-3.368","19.028,-1.096,-14.06,-0.598,1.882,-3.834","19.164,-0.736,-17.414,-0.77,0.772,-3.742","20.99,-2.346,-20.076,-0.156,0.166,-3.6","22.356,-5.718,-19.458,0.982,-0.026,-3.166","21.83,-9.104,-21.338,2.066,-0.12,-2.516","19.648,-10.354,-21.99,2.668,0.054,-2.078","15.938,-10.162,-22.414,3.174,0.356,-1.758","12.656,-13.044,-23.462,3.944,0.4,-1.462","8.7,-12.426,-19.706,4.978,0.268,-1.25","1.738,-4.624,-20.802,6.274,-0.432,-1.274","-0.802,-8.524,-27.728,7.318,-1.578,-0.55","-5.53,-11.606,-24.804,7.11,-1.776,0.254","-14.966,0.992,-21.14,6.094,-1.738,0.712","-23.198,12.628,-15.098,5.184,-2.082,0.556","-32.156,19.536,-7.492,3.852,-2.672,-0.124","-38.812,19.348,-13.76,2.656,-2.586,-0.48","-38.812,23.704,-11.356,1.776,-2.76,-0.404","-38.71,36.032,-31.126,0.944,-3.42,-0.128","-38.802,33.924,-10.994,0.1,-3.88,0.332","-34.738,38.424,33.78,-0.346,-3.956,0.534","-7.144,21.162,-4.488,-0.376,-3.774,0.474","5.874,-6.7,-30.978,-0.272,-3.366,0.542","-2.238,-12.556,-39.224,-0.128,-3.362,0.71","-19.334,-11.784,-34.728,0.14,-3.656,0.644","-29.934,-0.154,-25.262,0.324,-3.712,0.338","-33.074,10.196,-15.658,0.71,-4.032,0.526","-32.216,4.53,-7.4,0.986,-4.144,0.59","-28.67,-0.698,-0.98,1.28,-3.932,0.324","-27.376,5.156,4.458,1.666,-3.77,0.142","-25.918,9.544,9.82,1.988,-3.676,0.114","-24.06,6.772,14.316,2.28,-3.594,0.046","-19.772,3.266,15.762,2.368,-3.524,-0.092","-15.896,3.116,13.978,2.118,-3.5,-0.204","-13.65,3.59,12.218,1.734,-3.532,-0.318"
"3.946,3.888,7.698,-5.256,-1.292,0.106","4.05,3.55,7.584,3.446,1.506,-0.244","4.312,2.76,8.078,7.486,6.874,-0.764","4.58,2.616,8.618,4.77,3.862,3.88","5.296,1.882,8.75,2.546,3.592,3.576","6.554,0.734,8.692,-0.686,5.912,0.632","7.862,-0.23,8.6,-4.482,8.784,0.328","8.62,-1.0,8.798,-7.364,6.922,1.836","8.682,-1.678,8.814,-5.896,1.61,0.544","8.88,-2.732,8.58,-3.958,1.918,-0.654","9.124,-3.852,8.358,-3.246,3.788,1.16","9.098,-3.912,7.776,-0.876,2.66,1.9","9.41,-3.14,6.936,0.284,2.776,3.972","9.67,-3.092,6.522,-0.812,4.508,4.97","9.46,-3.78,6.246,-1.636,4.298,4.044","9.128,-3.798,5.73,-1.306,4.254,4.184","9.4,-3.608,4.914,-0.138,5.532,4.576","9.906,-3.94,4.224,1.326,6.052,4.308","10.246,-4.154,3.64,2.734,6.242,3.748","10.148,-4.248,3.356,4.1,6.49,3.126","9.75,-4.442,3.118,5.632,6.782,2.666","9.644,-4.516,2.532,7.032,7.018,2.352","9.796,-4.056,2.018,8.13,7.048,2.058","9.906,-3.756,1.514,9.122,6.562,1.496","9.332,-4.264,0.832,9.7,6.022,0.43","8.308,-4.952,-0.344,9.196,5.442,-0.638","7.65,-5.448,-1.982,8.148,4.716,-0.986","7.742,-6.622,-4.528,7.924,4.454,-1.026","8.364,-8.152,-7.102,8.322,4.274,-1.154","8.958,-8.868,-9.754,8.784,3.72,-0.802","9.766,-12.432,-14.338,9.5,3.358,-0.186","11.868,-18.318,-16.644,9.994,2.972,0.154","13.878,-21.132,-18.036,9.574,2.548,0.362","17.454,-20.55,-22.518,8.372,2.18,0.47","18.554,-18.994,-28.12,6.844,1.726,0.38","14.16,-20.938,-38.088,5.384,1.062,0.336","9.312,-17.632,-33.942,4.308,0.19,0.526","1.582,-5.116,-20.404,3.912,-0.562,0.808","-18.224,13.406,-9.114,4.002,-1.052,1.084","-34.872,31.016,7.258,4.108,-1.534,1.294","-25.774,38.704,27.272,3.944,-1.862,1.41","-31.326,34.924,17.758,3.332,-1.986,1.448","-38.812,26.752,16.15,2.51,-2.168,1.464","-24.596,23.034,-13.94,2.042,-2.196,1.518","-32.934,16.974,10.446,1.746,-2.026,1.37","-25.944,30.572,20.136,1.77,-2.314,0.958","-10.794,-3.428,-16.772,1.702,-2.574,1.042","7.804,-29.856,-39.224,1.73,-2.596,1.384","-10.544,-1.126,-37.016,1.308,-2.204,1.774","-22.222,17.866,-17.654,1.072,-1.402,2.098","-16.344,6.19,-10.294,0.552,-0.714,2.136","-23.1,-6.906,-13.882,0.12,-0.2,2.162","-38.812,5.016,-24.838,0.014,-0.014,2.046","-36.766,10.658,-15.778,-0.076,-0.376,1.754","-32.584,4.636,4.67,-0.03,-0.708,1.862","-36.354,7.722,-7.1,0.564,-0.31,2.062","-38.708,10.378,-3.282,0.838,-0.528,1.866","-34.836,15.398,9.826,0.9,-0.726,1.726","-34.23,25.312,9.168,0.748,-0.726,1.51","-34.478,23.19,8.502,0.344,-0.908,1.288"
"-5.672,3.002,7.446,24.694,0.262,-10.204","-6.538,3.028,8.51,11.93,-9.5,-13.826","-7.142,2.386,9.666,6.148,-9.466,-11.106","-7.15,1.26,11.154,2.4,-1.322,-8.842","-7.824,0.39,12.72,-4.814,-1.934,-8.914","-9.346,-1.006,13.55,-10.748,-6.046,-8.84","-11.048,-2.724,13.644,-13.546,-3.934,-7.298","-12.676,-3.508,13.938,-15.996,-0.436,-6.008","-13.842,-3.106,14.328,-14.996,0.588,-5.368","-14.488,-3.078,13.758,-11.52,-0.972,-4.316","-14.566,-4.576,12.876,-6.494,-1.744,-2.726","-14.79,-6.498,12.246,-1.606,0.03,-1.454","-15.402,-8.072,11.394,1.168,2.974,-0.948","-16.112,-8.612,9.37,1.36,3.684,-0.046","-17.506,-7.654,7.864,1.428,2.876,0.126","-19.038,-7.54,7.606,1.426,2.248,-0.224","-19.62,-8.56,6.21,1.414,2.384,-0.002","-19.752,-9.318,5.708,1.922,3.044,0.388","-19.29,-8.728,6.366,2.612,3.162,0.596","-18.594,-8.238,6.822,3.074,2.79,0.506","-18.276,-8.85,7.284,3.258,2.572,0.548","-19.27,-10.126,8.096,3.008,2.848,0.734","-21.246,-11.104,8.502,2.42,3.19,0.744","-23.174,-11.954,8.234,1.894,3.356,0.524","-24.93,-12.914,8.848,1.764,3.32,0.336","-25.908,-12.912,9.142,2.15,3.126,0.362","-26.084,-14.26,9.54,2.808,3.018,0.458","-25.648,-16.844,8.98,3.538,3.028,0.49","-25.636,-19.968,8.564,4.284,2.996,0.436","-25.656,-21.762,6.476,4.836,3.02,0.282","-24.858,-25.12,1.286,5.146,3.02,0.09","-21.352,-31.654,-7.392,5.258,2.956,-0.08","-18.18,-37.914,-21.524,5.412,3.058,-0.234","-18.558,-39.226,-28.974,5.894,3.12,-0.186","-24.838,-39.226,-35.106,6.868,3.112,0.014","-37.214,-39.226,-34.354,7.878,3.134,0.078","-38.812,-26.554,-27.214,8.608,3.064,0.116","-38.678,1.554,-17.386,8.812,2.814,0.082","-38.752,17.242,1.372,8.438,2.434,-0.068","-38.812,23.12,10.096,7.708,2.122,-0.3","-38.812,27.508,6.718,6.762,1.872,-0.528","-38.812,30.586,-4.868,5.816,1.676,-0.718","-38.812,6.432,-23.028,5.09,1.468,-0.862","-27.954,-39.226,-24.352,4.68,1.416,-0.738","-26.188,-4.272,-39.224,4.786,1.46,-0.464","-38.812,38.704,-18.804,4.434,1.658,-0.576","-28.532,-14.266,-9.888,4.21,1.392,-0.608","-2.612,-33.314,-15.018,4.808,1.038,-0.44","-24.846,15.9,-15.784,4.798,0.862,-0.678","-36.006,25.518,-28.912,4.332,0.38,-0.82","-8.146,11.892,-30.452,4.124,-0.002,-0.87","5.208,17.726,-22.098,3.566,-0.002,-1.112","0.186,14.276,-26.97,2.846,0.108,-1.168","-8.322,-0.462,-24.842,2.534,0.266,-1.136","-15.254,-12.798,-10.776,2.53,0.448,-1.156","-10.736,-7.368,2.632,2.532,0.418,-1.164","-4.566,7.156,9.964,2.388,0.18,-1.16","-7.044,17.084,9.712,2.162,-0.166,-1.212","-15.296,21.44,5.97,1.95,-0.544,-1.306","-17.52,20.286,8.952,1.724,-0.874,-1.372"
"11.374,4.716,5.156,15.644,19.846,-6.68","12.13,4.438,5.054,9.644,20.544,-6.212","12.456,4.174,5.66,3.942,18.792,-7.404","12.088,3.316,6.866,-5.058,16.118,-6.636","11.736,3.134,7.452,-7.754,15.118,-6.486","10.672,3.488,8.156,-7.612,11.074,-6.038","9.664,3.314,8.9,-4.724,10.608,-0.966","9.434,3.46,8.796,-0.406,9.96,0.12","9.31,4.528,8.75,1.682,9.76,0.706","9.62,6.22,9.04,1.986,10.844,1.132","10.32,7.346,8.296,1.34,10.946,1.516","10.548,6.69,6.872,1.856,11.362,2.162","10.682,5.288,4.764,2.34,11.374,2.35","11.31,4.062,1.788,2.388,10.044,1.444","12.426,3.408,-1.548,3.34,8.862,1.29","13.464,3.656,-4.856,4.742,8.822,2.354","14.346,4.44,-7.998,5.682,8.638,3.462","14.802,5.76,-11.248,6.42,8.034,3.6","14.772,6.742,-13.592,6.462,5.854,1.744","14.644,6.822,-15.14,5.822,4.568,0.858","14.538,6.112,-16.994,4.624,4.058,0.794","14.264,4.822,-19.37,2.392,3.836,0.67","13.896,3.134,-20.912,-0.492,3.836,0.564","13.18,2.674,-22.294,-2.98,3.72,0.258","11.438,4.562,-24.654,-5.096,3.02,-0.076","7.422,7.576,-26.136,-6.568,1.864,-0.354","1.228,9.222,-27.826,-7.412,0.81,-0.482","-2.34,9.118,-30.984,-7.794,-0.034,-0.35","1.136,6.364,-30.924,-7.662,-0.596,-0.15","1.074,6.382,-28.944,-7.146,-0.784,-0.056","-7.828,11.138,-29.956,-6.452,-0.934,-0.098","-16.406,11.24,-34.784,-5.932,-1.226,-0.12","-28.126,8.898,-39.224,-5.648,-1.564,-0.054","-38.812,5.442,-39.224,-5.456,-1.77,-0.048","-38.812,6.526,-39.122,-5.25,-1.916,-0.132","-38.63,23.574,-39.034,-5.082,-2.052,-0.218","-38.798,27.784,-30.65,-4.002,-1.334,-0.082","-38.812,29.94,-9.914,-2.616,-0.934,-0.382","-38.81,38.11,13.896,-2.054,-1.59,-0.52","-38.812,38.704,37.292,-1.22,-1.602,-0.33","-38.812,38.586,36.96,-0.76,-1.406,-0.654","-38.812,37.402,11.76,0.012,-1.64,-1.172","-38.812,32.694,-27.878,0.652,-2.112,-1.396","-38.812,37.926,-16.086,1.184,-2.532,-1.298","-38.812,14.92,-15.006,2.0,-2.742,-1.134","-38.812,-32.506,-39.224,2.91,-2.81,-1.016","-38.812,21.81,-39.224,3.692,-2.822,-0.738","-38.812,31.314,-38.544,4.434,-2.896,-0.712","-38.812,37.53,-27.644,4.852,-2.864,-0.71","-38.812,29.18,-19.55,4.424,-2.646,-0.466","-38.812,13.276,3.326,3.118,-2.26,-0.278","-38.812,25.008,11.17,2.332,-1.704,-0.71","-38.812,37.39,20.388,1.986,-2.082,-1.498","-38.812,38.704,30.194,1.16,-3.182,-1.602","-38.812,38.564,28.658,1.022,-3.626,-1.818","-38.812,36.464,25.952,0.694,-4.03,-2.584","-38.812,30.998,25.82,0.18,-4.494,-2.898","-38.812,30.826,26.628,-0.072,-4.496,-3.06","-38.812,21.396,27.914,-0.42,-4.154,-3.45","-38.084,3.876,28.104,-0.732,-3.748,-3.788"
"5.236,2.768,4.446,-2.792,2.374,-4.474","4.72,1.522,3.53,3.654,10.582,-5.944","4.488,0.432,3.088,4.88,7.028,-0.176","4.508,0.104,2.906,6.992,13.57,2.108","4.452,0.812,2.984,6.356,12.51,2.476","4.268,2.65,3.042,1.232,11.286,0.98","4.206,4.11,2.414,-4.89,11.878,1.016","4.124,3.688,1.282,-7.532,7.966,-1.392","4.072,2.082,0.094,-8.044,5.6,-3.314","4.218,1.094,-0.568,-9.55,8.524,-1.738","4.58,0.866,-0.81,-8.952,8.288,-1.024","5.156,0.35,-0.876,-8.046,6.758,0.242","5.746,-0.174,-1.318,-7.472,6.002,1.254","6.024,-0.016,-1.61,-7.128,5.554,1.552","6.058,0.55,-1.98,-7.402,4.812,2.584","5.728,1.052,-2.654,-6.686,5.812,3.314","5.066,1.45,-3.592,-5.228,6.8,3.902","4.78,1.842,-6.086,-3.15,6.832,4.38","5.594,1.616,-9.04,-0.704,6.756,4.44","6.61,0.494,-10.688,1.276,6.946,4.294","7.678,-0.38,-12.396,2.608,7.282,4.042","8.722,-0.374,-14.342,3.04,7.832,3.622","9.318,-0.222,-15.036,2.652,8.312,3.204","9.542,0.432,-16.468,1.82,8.258,2.856","9.012,0.484,-18.31,1.146,7.92,2.41","7.86,-1.67,-20.216,0.87,7.642,1.772","8.39,-3.65,-25.366,0.798,7.436,1.07","10.998,-3.83,-30.558,0.902,7.284,0.676","14.7,-4.128,-31.928,0.82,6.968,0.622","18.63,-8.428,-31.788,0.648,6.554,0.708","21.96,-12.38,-30.882,0.888,6.244,0.72","24.772,-8.706,-33.286,0.974,5.982,0.71","20.394,-8.09,-36.18,0.652,5.688,0.902","7.716,-13.842,-37.704,0.804,5.486,1.128","3.35,-8.556,-39.224,0.998,5.382,1.144","-6.34,1.446,-36.566,0.57,5.29,1.116","-15.098,-0.606,-28.33,-0.022,5.246,1.144","-22.598,0.238,-17.538,-0.9,5.228,1.218","-34.696,12.07,-2.782,-1.924,5.014,1.35","-38.812,25.014,15.14,-2.916,4.712,1.502","-38.812,32.56,30.806,-3.828,4.462,1.72","-38.702,34.274,31.87,-4.668,4.13,1.94","-38.784,38.704,9.53,-5.566,3.728,2.136","-38.54,38.704,-36.268,-6.604,3.466,2.322","-38.72,38.594,22.404,-7.646,3.158,2.536","-11.8,32.46,15.262,-8.446,2.85,2.804","22.958,-29.896,-39.224,-8.696,2.538,3.016","6.034,-39.226,-27.594,-8.366,1.93,3.214","-21.146,-7.668,-24.988,-7.44,1.328,3.47","-38.552,17.43,-3.936,-6.584,1.11,3.494","-30.948,10.406,3.91,-6.188,1.22,3.172","-37.362,9.914,-15.066,-6.136,1.33,2.678","-38.69,7.78,-20.728,-6.176,1.196,2.132","-30.324,1.358,-1.914,-6.552,0.848,1.732","-33.106,2.298,-13.582,-9.28,0.114,0.708","-38.812,2.822,-18.08,-10.236,-1.636,-1.932","-38.812,2.404,-11.692,-8.59,-4.27,-3.9","-38.388,5.876,-5.692,-9.146,-4.852,-2.848","-36.546,7.68,-4.302,-5.7,-2.83,-2.47","-32.478,7.882,0.384,-4.808,-1.622,-3.084"
"7.994,0.402,1.374,-9.746,2.58,-5.432","7.912,1.252,1.014,-10.994,8.65,-4.754","7.888,1.874,1.168,-13.324,8.898,1.41","8.23,1.544,1.52,-16.412,10.65,3.476","8.688,0.322,1.552,-12.78,8.236,7.47","9.02,-0.44,1.586,-5.104,3.134,6.408","8.988,-0.232,1.83,-1.958,1.502,7.296","9.116,-0.03,1.662,-0.466,3.824,8.38","9.272,0.054,1.282,0.492,5.196,8.974","9.272,0.174,1.3,0.614,5.004,9.144","9.328,-0.092,1.178,0.574,6.038,8.312","9.418,-0.288,0.514,0.214,4.906,7.97","9.57,-0.138,0.21,1.106,5.244,7.094","10.078,-0.522,0.164,1.76,5.542,6.288","11.34,-1.18,-0.502,2.73,4.616,5.636","13.366,-1.524,-1.618,4.102,4.576,4.83","15.692,-2.394,-0.744,4.782,5.624,4.06","17.608,-2.932,0.29,4.282,6.636,3.55","18.13,-3.134,0.394,3.16,7.782,3.036","17.746,-3.544,-0.17,1.468,8.388,2.122","17.538,-3.682,-0.982,-0.366,7.472,1.028","17.582,-3.934,-1.786,-2.222,6.324,0.462","17.886,-3.95,-3.002,-2.926,6.416,0.464","18.364,-3.954,-4.524,-2.162,6.882,0.788","19.324,-4.646,-7.266,-0.686,6.644,1.582","20.934,-4.71,-10.262,1.488,5.816,2.644","22.194,-3.742,-12.144,3.092,5.214,3.28","22.296,-3.746,-15.004,3.27,5.406,3.174","22.442,-4.47,-19.922,2.48,6.062,2.792","23.256,-4.58,-25.114,1.984,5.126,2.664","22.76,-5.11,-26.942,2.214,3.73,2.57","21.062,-3.166,-28.724,3.682,3.618,2.446","18.626,-0.186,-28.442,4.832,3.932,2.378","15.888,-0.344,-29.296,4.608,3.83,2.598","9.334,-0.97,-28.816,4.54,3.756,2.776","-0.304,5.182,-23.244,4.374,3.098,2.564","-11.292,13.674,-16.988,3.648,2.226,2.172","-22.282,17.552,-7.866,2.406,1.442,1.74","-34.512,23.064,-0.196,0.562,0.444,1.218","-38.812,28.904,5.588,-1.864,-0.546,1.066","-38.812,27.918,7.958,-3.18,-0.956,0.68","-38.702,14.62,7.17,-3.266,-1.904,0.442","-38.812,35.616,13.448,-3.122,-1.518,0.79","-36.46,38.704,36.498,-2.598,-1.008,-0.12","-20.818,37.772,14.596,-3.362,-1.944,-0.52","9.07,10.142,-16.39,-3.452,-1.954,-0.18","32.35,-32.914,-39.224,-3.32,-2.634,-0.194","7.138,-6.438,-38.434,-2.46,-2.958,-0.346","-5.548,14.806,-37.596,-2.124,-3.278,-0.3","-38.532,-3.532,-38.908,-2.172,-3.562,-0.716","-34.114,-29.146,-27.97,-2.102,-3.854,-1.162","-18.774,-14.52,-12.164,-2.02,-4.342,-1.208","-17.562,2.122,-11.466,-2.148,-3.622,-0.882","-26.68,7.148,-15.178,-0.906,-3.236,-1.494","-30.17,7.644,-10.744,-0.704,-4.26,-1.646","-30.85,5.796,-11.568,-0.728,-4.03,-0.924","-32.238,5.01,-8.882,-0.252,-1.666,-0.274","-29.028,1.154,-6.696,0.122,0.108,-1.118","-27.566,1.314,-10.538,0.288,-1.192,-2.676","-26.964,5.226,-9.298,0.68,-2.862,-3.722"
"4.16,7.75,4.578,10.624,10.978,-1.03","4.366,5.858,4.102,17.452,11.78,-1.978","4.472,2.602,4.092,17.082,13.026,-4.326","4.8,1.86,5.02,12.636,16.096,-0.654","5.782,4.312,4.998,5.556,11.838,-4.882","6.21,5.508,3.802,1.114,8.586,-4.666","7.408,3.238,3.38,-3.852,11.464,-1.558","9.496,1.476,3.128,-7.436,9.386,-4.052","10.27,1.854,3.058,-7.308,7.834,-3.028","10.756,1.646,3.64,-5.5,5.944,-3.29","10.752,0.272,3.492,-4.54,3.212,-0.4","9.99,-1.476,2.366,-2.162,6.266,1.266","9.614,-2.788,1.252,-0.124,6.596,0.892","10.13,-3.296,0.434,2.484,5.928,1.472","10.834,-3.118,-0.074,5.31,7.378,2.108","11.616,-3.104,-0.356,6.26,7.884,1.874","12.03,-3.562,-0.28,6.046,6.696,0.304","12.146,-4.292,-0.152,6.572,6.256,-0.316","12.354,-4.894,-0.694,7.116,6.564,0.7","12.864,-4.704,-0.948,7.452,6.376,0.754","13.58,-3.82,-0.962,8.202,6.478,0.648","13.564,-3.938,-1.408,8.636,6.086,0.384","12.714,-5.22,-2.134,8.59,5.03,-0.014","11.656,-6.42,-2.898,8.248,4.27,-0.034","11.152,-7.214,-4.17,6.946,3.836,0.038","11.254,-8.386,-5.316,5.184,3.122,0.134","11.572,-9.416,-6.152,3.59,2.274,-0.23","11.6,-9.444,-6.444,2.172,1.942,-0.242","11.326,-9.116,-7.004,1.084,1.848,-0.346","10.798,-9.638,-9.582,0.126,1.428,-0.654","9.59,-11.14,-12.722,-0.622,1.214,-0.49","8.284,-11.66,-19.0,-1.346,1.11,0.05","4.904,-11.802,-25.46,-2.072,0.93,0.566","-1.284,-9.53,-31.428,-2.896,0.692,0.98","-6.474,-7.12,-39.224,-3.722,0.192,1.158","-10.852,-10.216,-39.224,-4.41,-0.454,1.008","-13.286,-10.882,-39.064,-4.714,-1.284,0.91","-21.448,-0.784,-39.214,-5.084,-2.082,1.05","-30.664,11.736,-31.466,-5.972,-2.512,1.028","-37.576,20.83,-13.696,-7.074,-2.746,0.918","-38.812,30.876,1.064,-7.908,-2.992,0.63","-38.77,38.704,20.82,-8.288,-3.316,-0.04","-38.774,38.704,17.342,-8.294,-3.762,-0.764","-38.812,36.322,-24.48,-7.612,-4.324,-1.214","-38.812,14.398,3.946,-6.304,-4.612,-1.364","-38.812,30.688,15.646,-4.646,-4.916,-1.374","-35.792,-13.056,-23.82,-2.512,-5.266,-1.218","-15.646,-35.382,-39.224,-0.252,-5.52,-1.018","-35.564,14.244,-39.224,2.214,-5.784,-0.874","-38.812,12.352,-34.53,4.696,-6.172,-0.576","-30.954,-3.27,-9.154,6.58,-6.304,0.278","-32.752,18.526,-9.386,7.74,-6.338,1.382","-38.812,24.256,-9.176,8.86,-6.0,2.244","-38.812,18.018,-1.672,10.1,-5.592,2.946","-38.676,7.118,1.088,10.958,-5.196,3.794","-38.72,14.72,22.85,11.226,-4.98,4.428","-37.232,28.496,21.846,10.852,-5.204,4.572","-38.784,23.612,16.034,9.744,-5.236,4.312","-38.58,15.886,20.356,7.872,-5.824,3.878","-34.958,22.514,20.85,6.27,-6.34,3.976"
"16.908,4.054,6.602,0.186,18.682,-5.368","18.144,3.844,7.78,3.746,15.524,-7.046","19.08,3.79,9.462,2.188,13.422,-2.434","19.454,4.066,10.022,2.768,18.034,-1.928","18.952,3.7,8.208,-0.192,21.424,-3.248","17.756,2.36,6.548,-5.812,17.812,-2.42","16.372,1.918,5.036,-5.598,12.678,-0.78","15.052,2.69,3.4,-3.336,10.608,-2.424","14.344,3.756,2.114,-2.004,11.942,-0.288","14.418,4.218,1.266,-1.768,14.098,2.252","14.886,4.586,-0.09,-0.846,12.45,1.41","15.184,4.914,-1.476,0.098,9.352,1.108","15.286,5.13,-3.044,0.782,8.752,1.538","14.948,5.042,-4.704,1.358,9.566,1.976","12.128,5.588,-4.774,1.998,9.202,2.19","12.906,4.082,-8.564,2.11,8.13,2.166","12.712,3.324,-11.638,1.646,7.466,1.882","13.44,3.552,-12.706,0.968,7.812,1.97","15.834,2.988,-12.408,0.246,8.378,2.034","17.25,3.152,-11.806,-0.84,8.36,1.22","18.03,3.886,-12.128,-4.9,6.822,1.13","17.238,5.006,-12.868,-7.214,4.708,2.308","15.71,6.004,-13.722,-6.602,5.11,2.476","14.204,6.428,-14.752,-7.348,5.048,2.536","12.396,5.562,-14.884,-8.446,2.662,2.06","10.992,3.33,-14.686,-8.434,-0.182,2.098","10.568,1.408,-13.336,-7.954,-1.174,2.84","9.154,1.182,-12.336,-6.652,-0.37,3.974","7.486,1.216,-11.816,-6.158,0.2,3.568","6.692,1.176,-11.262,-6.128,-0.76,3.186","6.214,0.686,-9.946,-6.748,-1.008,2.068","5.876,-0.548,-12.882,-7.404,-1.154,0.374","2.782,-1.598,-19.076,-7.858,-4.202,-0.288","-2.162,-7.728,-24.042,-8.236,-4.538,0.692","-5.476,-9.306,-28.142,-7.424,-2.65,0.986","-15.0,-3.492,-26.608,-5.77,-2.826,-0.052","-23.264,-4.71,-30.412,-4.464,-3.608,-0.87","-30.122,-12.17,-32.48,-3.446,-3.258,-0.898","-38.62,-4.426,-23.478,-2.554,-2.37,-0.908","-38.812,12.944,-19.3,-1.95,-1.968,-1.034","-38.68,27.818,-18.84,-1.594,-1.334,-0.624","-38.792,35.102,-7.15,-1.138,0.54,-0.7","-38.812,38.658,-3.222,-0.558,0.682,-1.634","-38.81,38.656,-22.368,-0.3,-0.35,-2.578","-38.812,32.468,-26.734,0.02,-1.132,-3.45","-38.812,12.918,-23.052,0.62,-1.844,-4.172","-34.444,-23.68,-15.45,1.084,-2.35,-4.41","-25.096,-25.968,-24.05,1.324,-2.252,-4.424","-18.196,-17.386,-39.224,1.39,-1.594,-4.51","-38.344,12.036,-39.224,1.346,-0.82,-4.756","-38.812,10.276,-38.956,1.298,-0.346,-5.108","-38.502,-0.18,-39.142,1.34,-0.288,-5.492","-38.748,2.736,-25.548,1.432,-0.596,-5.864","-38.812,10.36,-8.23,1.548,-1.06,-6.124","-38.812,21.664,-19.33,1.67,-1.38,-6.204","-38.81,25.68,-21.22,1.826,-1.444,-6.16","-38.812,22.588,-9.092,2.074,-1.232,-6.066","-38.812,19.878,-1.582,2.46,-0.8,-5.956","-38.812,21.394,-1.698,2.948,-0.28,-5.822","-38.812,22.95,1.322,3.456,0.204,-5.64"
"-0.544,8.298,4.56,-15.228,16.208,4.492","-0.032,7.596,3.232,-19.52,12.128,5.382","1.56,7.028,3.55,-13.896,8.768,7.836","3.054,7.888,4.896,-8.764,5.474,9.394","4.364,9.67,4.908,-8.876,3.582,8.146","5.868,9.592,3.32,-11.336,4.326,5.514","7.998,7.846,2.758,-13.652,5.232,3.34","10.01,6.732,0.912,-12.978,4.26,2.422","11.328,5.918,-1.436,-9.974,1.668,2.804","12.222,4.634,-4.666,-6.326,-0.084,3.252","11.878,3.308,-5.326,-3.934,-0.852,3.348","11.314,3.128,-4.916,-2.424,-0.764,3.236","11.026,4.102,-6.972,-1.266,-0.254,2.714","9.622,5.062,-8.86,-0.482,0.15,2.308","8.516,4.646,-9.564,0.28,0.218,2.036","7.096,4.388,-9.514,1.158,0.13,2.004","5.618,5.686,-10.016,2.15,0.096,2.166","5.37,6.706,-10.722,2.918,0.102,2.266","6.052,7.708,-11.182,3.51,0.22,2.174","7.552,9.376,-12.214,3.808,0.406,1.966","9.17,11.338,-13.382,3.796,0.684,1.762","10.036,14.454,-15.196,3.75,1.006,1.624","11.206,17.824,-19.346,3.66,1.2,1.47","13.06,20.192,-24.048,3.486,1.248,1.33","14.292,22.538,-27.224,3.398,1.272,1.224","16.548,23.8,-28.042,3.364,1.304,1.084","15.202,24.872,-28.676,3.256,1.35,0.844","5.538,24.814,-26.046,3.198,1.436,0.546","-8.194,22.854,-23.882,3.304,1.5,0.266","-6.14,18.76,-33.524,3.454,1.51,-0.004","-2.256,16.482,-39.224,3.628,1.474,-0.302","-14.286,21.27,-39.224,3.71,1.424,-0.64","-37.36,28.136,-39.084,3.676,1.396,-1.056","-38.812,28.7,-39.224,3.576,1.34,-1.514","-38.486,23.794,-31.812,3.404,1.264,-2.0","-38.734,9.524,-8.018,3.182,1.156,-2.516","-38.812,6.82,8.886,2.91,1.044,-2.988","-38.808,34.426,1.792,2.626,0.966,-3.396","-38.81,38.704,-2.674,2.35,1.048,-3.816","-38.812,38.382,-5.404,2.022,1.104,-4.136","-28.628,38.548,-18.384,1.586,1.048,-4.296","-32.8,12.962,-6.986,1.348,0.95,-4.36","-28.526,4.054,-21.28,1.214,0.768,-4.452","-37.59,0.366,-39.224,1.344,0.518,-4.49","-38.812,38.704,-33.64,2.06,0.322,-4.194","-37.366,23.234,-39.224,2.47,0.198,-3.814","-38.538,-19.44,-37.324,2.972,0.074,-3.704","-38.69,-23.812,-20.918,3.296,-0.11,-3.554","-35.896,0.834,-4.076,3.256,-0.238,-3.316","-27.71,17.078,2.608,2.912,-0.274,-3.262","-23.256,11.21,-0.502,2.484,-0.258,-3.118","-26.35,-2.31,-6.554,2.148,0.136,-3.232","-32.34,-16.832,-9.624,1.682,0.146,-3.504","-34.068,-18.42,-6.038,1.766,0.028,-3.66","-28.058,-11.91,-4.396,1.852,-0.386,-4.036","-22.896,-7.496,-0.872,2.614,-0.57,-3.38","-20.286,-2.36,-0.344,2.746,0.542,-3.416","-18.322,-0.992,-0.592,2.41,0.382,-2.816","-16.774,-1.81,-2.798,2.688,1.26,-2.574","-15.412,-3.554,-3.634,2.76,1.17,-3.344"
