"3.944,6.368,8.378,4.01,0.818,-0.462","4.068,6.75,8.504,3.936,1.318,-2.046","4.4,6.896,8.31,3.56,1.688,-3.792","4.676,6.922,7.886,3.06,1.606,-5.296","4.648,6.882,7.746,2.382,0.79,-6.844","4.738,7.502,7.606,1.542,-1.074,-8.45","4.726,7.978,7.524,0.28,-2.794,-10.252","4.8,8.698,7.758,-0.95,-3.942,-11.846","5.33,9.85,8.284,-2.222,-4.934,-13.352","6.956,11.364,9.574,-3.558,-5.688,-14.784","10.054,14.248,11.642,-5.75,-5.978,-16.126","14.324,17.746,14.996,-7.856,-5.56,-17.384","17.586,23.314,17.924,-10.174,-4.784,-18.162","19.288,29.216,20.568,-10.738,-4.176,-18.236","20.09,35.49,22.702,-6.332,-3.444,-15.556","20.092,38.498,24.0,-6.018,-4.506,-14.474","20.454,38.498,22.452,-5.732,-3.508,-16.432","22.018,38.434,16.57,-7.858,-1.09,-16.746","24.656,38.498,8.47,-7.7,-1.704,-9.382","29.136,38.498,-0.022,-6.996,-0.428,-3.594","28.95,36.29,-3.442,-7.48,0.702,-3.354","31.63,27.304,-0.962,-5.218,-1.882,-0.03","37.706,17.032,0.678,-4.038,-1.384,1.342","34.002,12.308,5.54,-3.63,-0.836,1.838","30.594,9.334,12.544,-0.952,-0.374,2.06","30.732,11.48,14.53,1.756,0.434,2.876","30.782,14.064,14.156,3.602,1.166,3.462","29.094,18.858,7.604,4.674,1.45,3.16","34.598,18.19,-26.842,4.936,1.294,2.63","39.226,-16.15,-32.848,4.286,0.712,2.552","39.226,-13.376,-3.244,2.888,0.066,2.284","39.226,21.67,7.974,1.684,-0.202,1.9","39.226,0.01,-5.684,0.748,-0.236,1.88","37.676,-39.226,-15.212,-0.202,-0.29,2.076","5.34,-39.226,-7.784,-1.304,-0.316,2.066","-5.56,-32.134,-22.06,-1.94,-0.338,1.92","6.756,13.118,-11.692,-2.174,-0.578,1.68","6.374,20.838,-3.296,-2.192,-0.862,1.314","2.608,-11.996,-4.768,-2.268,-1.062,1.138","8.06,-24.152,-4.776,-2.842,-1.164,1.118","8.814,-19.072,-2.446,-3.656,-1.34,1.292","3.984,-13.364,-2.182,-4.596,-1.526,1.526","-0.798,-11.074,-0.938,-5.108,-1.66,1.728","-2.116,-9.378,0.81,-5.15,-1.75,1.87","-2.018,-5.854,3.732,-4.912,-1.812,1.886","-0.398,-2.448,4.622,-4.62,-1.938,1.782","1.44,-0.754,5.54,-4.466,-2.114,1.672","1.666,1.404,5.96,-4.374,-2.236,1.506","0.28,3.95,5.2,-4.202,-2.302,1.324","-0.862,3.598,5.184,-3.816,-2.342,1.206"
"4.564,0.576,5.628,5.368,-0.492,2.506","4.362,2.092,7.088,5.28,-0.206,2.276","4.208,3.21,7.786,5.136,0.202,1.878","4.01,2.934,7.76,4.986,0.648,1.332","3.744,2.716,6.438,4.478,0.988,0.534","3.16,4.446,5.804,3.524,0.928,-0.71","1.754,8.836,6.014,2.526,0.1,-2.138","1.494,11.644,5.392,1.812,-1.318,-3.538","1.826,11.392,5.152,1.028,-3.022,-4.768","2.212,9.748,4.77,-0.438,-4.762,-5.518","3.196,9.298,3.258,-2.03,-6.04,-6.392","4.974,10.052,3.362,-3.42,-6.83,-8.16","5.41,11.672,4.57,-4.824,-7.092,-10.548","5.706,12.952,5.608,-6.104,-7.034,-12.888","6.888,13.718,6.834,-6.996,-6.934,-15.146","8.072,16.546,7.97,-8.06,-6.662,-16.368","9.906,21.088,8.546,-9.876,-6.85,-16.216","11.664,26.376,7.876,-12.768,-7.06,-15.732","11.412,34.21,6.38,-6.67,-5.184,-15.762","9.19,38.498,1.6,-6.154,-7.884,-12.296","7.636,38.498,-6.768,-12.258,-6.274,-13.15","8.354,38.402,-16.112,-8.882,-2.986,-9.528","9.806,38.498,-21.454,-10.104,-1.488,-4.966","18.196,38.218,-19.168,-9.468,-1.314,-4.332","26.632,32.47,-14.834,-8.138,-2.488,-1.032","29.148,21.862,-7.536,-6.724,-1.83,1.302","30.536,17.94,1.716,-1.61,-0.548,1.578","33.426,17.716,10.61,3.302,0.516,1.61","32.288,12.398,17.858,5.952,0.972,2.33","31.446,5.694,20.11,6.442,0.942,3.248","32.522,1.72,16.24,6.75,0.768,3.58","28.974,2.06,6.382,6.862,0.582,3.342","30.322,11.15,-15.144,6.862,0.3,3.462","39.226,3.798,-18.026,5.792,-0.176,3.594","37.682,9.89,21.206,4.104,-0.55,3.156","37.752,6.778,-15.804,2.334,-0.722,2.798","33.96,-32.184,4.63,1.264,-0.704,2.748","-0.096,-29.856,-12.53,0.912,-0.396,2.742","2.34,-0.316,-11.214,1.166,-0.054,2.818","14.23,22.674,-9.762,1.422,0.05,2.882","9.458,-4.446,-7.962,1.57,0.042,2.678","7.538,-22.966,-5.546,1.228,-0.126,2.536","9.078,-11.29,1.112,0.4,-0.268,2.624","8.478,-4.81,3.574,-0.576,-0.356,2.788","6.304,-6.986,4.98,-1.422,-0.568,2.958","4.816,-9.878,5.084,-1.924,-0.842,3.104","4.694,-8.786,5.256,-2.298,-1.066,3.33","3.894,-5.096,7.208,-2.574,-1.29,3.748","3.114,-0.07,8.484,-2.902,-1.546,4.022","4.128,2.302,9.194,-3.354,-1.794,4.008"
"0.71,7.166,6.952,4.868,-1.38,2.438","0.718,7.49,6.708,5.6,-1.162,2.042","0.872,7.432,6.26,5.95,-0.982,1.644","1.264,7.35,5.518,6.004,-0.842,0.962","1.564,6.948,4.786,5.998,-0.826,-0.126","2.0,7.064,4.512,5.874,-1.21,-1.8","2.44,7.55,4.378,5.002,-2.432,-3.808","2.636,8.078,4.482,3.302,-4.278,-5.966","3.142,8.62,4.51,1.56,-6.18,-7.562","3.882,9.008,4.598,-0.222,-7.792,-8.508","4.916,9.672,5.066,-1.702,-8.482,-9.518","6.21,10.448,5.066,-3.39,-8.37,-10.972","7.888,10.792,4.582,-5.72,-7.996,-12.942","10.376,11.432,4.856,-8.356,-7.76,-14.78","13.09,13.676,5.668,-11.566,-7.56,-16.412","15.692,17.826,5.95,-14.57,-7.534,-17.302","17.178,22.286,5.472,-12.768,-5.47,-15.838","15.754,28.846,3.29,-6.136,-5.962,-13.868","12.726,35.514,-0.852,-14.598,-7.906,-11.23","11.056,38.498,-4.24,-15.086,-3.848,-8.436","11.676,38.498,-5.748,-15.616,0.51,-4.612","14.982,38.428,-5.692,-10.564,2.208,-2.402","20.918,38.498,-4.672,-6.826,-0.156,-2.09","29.588,33.414,-2.82,-7.354,-0.52,-0.74","34.946,19.096,-3.476,-3.142,1.144,0.572","36.152,11.262,0.952,2.506,2.286,1.254","35.464,12.628,9.066,5.566,2.496,2.02","35.18,16.814,13.538,5.052,2.166,2.882","35.084,22.996,11.08,5.06,1.734,3.698","37.5,31.748,-0.43,4.652,1.394,4.244","39.226,31.21,-17.996,4.286,1.25,3.922","39.226,15.542,-26.96,3.202,0.692,3.34","39.226,11.826,12.456,1.516,-0.268,3.078","39.226,23.924,-6.526,0.06,-0.67,3.768","39.226,-21.576,4.62,-0.846,-0.87,4.258","17.618,-39.226,-7.054,-1.252,-1.048,4.02","-15.476,-1.932,-10.664,-1.38,-1.218,3.678","2.714,38.498,-3.748,-1.71,-1.196,3.442","12.482,8.716,-12.704,-1.998,-0.964,3.39","6.96,-36.1,-15.288,-2.264,-0.822,3.594","3.258,-20.016,-10.178,-2.322,-0.79,3.646","6.044,-4.156,-3.778,-2.028,-0.766,3.556","3.864,-8.6,-5.262,-1.648,-0.83,3.508","3.404,-14.396,-3.896,-1.46,-0.974,3.462","1.294,-10.78,-3.914,-1.454,-1.066,3.464","-1.594,-4.726,-2.73,-1.658,-1.186,3.532","-2.528,1.018,-1.37,-2.048,-1.34,3.574","1.186,3.668,0.554,-2.308,-1.524,3.656","2.152,3.494,0.578,-2.424,-1.602,3.786","0.72,1.8,1.282,-2.1,-1.648,3.678"
"2.146,3.53,6.166,3.256,0.874,-0.056","1.998,4.796,5.678,3.552,1.014,-1.866","2.256,6.146,6.28,3.626,0.352,-4.144","2.084,6.856,6.668,2.58,-0.996,-6.36","2.008,6.906,6.776,0.862,-2.486,-7.778","2.414,6.588,6.834,-0.754,-3.924,-9.008","3.244,6.73,6.612,-2.142,-4.898,-10.714","3.934,7.058,6.824,-3.626,-5.484,-12.502","4.44,7.878,7.38,-5.098,-5.782,-13.858","5.876,8.784,7.92,-6.57,-5.978,-15.114","7.464,10.388,8.768,-8.886,-6.634,-16.198","9.816,13.888,10.324,-12.556,-7.764,-16.348","13.04,19.088,11.18,-16.0,-7.23,-15.344","15.12,25.856,10.492,-10.202,-5.456,-15.41","14.458,35.088,7.192,-9.29,-1.844,-17.604","12.566,38.498,2.358,-7.372,1.332,-13.724","11.754,38.498,-1.38,-6.432,-1.038,-9.662","13.95,38.41,-2.05,-8.652,0.164,-3.748","20.526,38.498,-1.132,-10.804,3.988,-1.29","29.788,33.868,-3.594,-6.61,1.894,-0.688","30.742,19.604,-3.792,-4.184,-2.878,0.028","28.038,11.858,-0.234,-3.174,-4.474,-0.122","26.08,9.96,5.514,1.404,-2.366,2.038","22.804,7.636,10.394,3.31,-0.07,3.972","20.404,5.228,11.424,4.086,0.516,4.624","19.402,6.166,8.24,4.748,0.632,5.012","19.246,13.034,0.294,4.708,0.31,5.03","21.722,30.986,-18.078,4.56,-0.15,4.02","38.162,27.418,-6.22,4.148,-0.372,2.896","39.226,8.37,6.836,3.602,-0.822,2.684","39.226,-3.966,-8.35,2.388,-1.244,2.51","37.74,-28.37,-10.496,1.058,-1.21,2.672","12.798,-39.226,-10.074,0.238,-1.202,2.986","-12.534,-16.19,-21.822,-0.32,-1.31,3.076","-15.19,32.052,-19.59,-0.984,-1.526,2.83","-10.502,33.134,-8.868,-1.736,-1.892,2.478","9.19,-11.954,-14.912,-2.446,-2.12,2.306","14.634,-23.596,-4.042,-2.476,-2.144,2.27","13.41,-15.348,-0.254,-2.058,-2.008,2.326","11.432,-14.05,-3.664,-1.184,-1.75,2.424","5.712,-15.816,-3.13,-0.342,-1.556,2.582","1.142,-10.796,-2.578,0.0,-1.448,2.816","0.498,-3.28,0.164,-0.216,-1.444,3.012","2.012,1.954,0.846,-0.692,-1.594,3.182","2.052,4.44,3.82,-1.29,-1.87,3.218","4.428,4.17,6.508,-1.772,-2.162,2.99","6.126,3.984,7.1,-2.038,-2.36,2.742","5.898,4.604,7.082,-2.046,-2.524,2.612","4.434,5.914,6.352,-2.016,-2.576,2.546","3.23,6.742,5.606,-2.126,-2.568,2.502"
"4.09,6.24,6.554,3.47,0.142,-0.732","4.112,6.82,6.574,3.484,0.228,-1.372","4.216,7.274,6.418,3.406,0.112,-2.124","4.548,7.33,6.562,3.106,-0.188,-3.028","4.84,7.636,6.696,2.726,-0.66,-3.862","5.18,8.116,6.826,2.022,-1.358,-4.72","5.794,8.466,6.89,0.938,-2.274,-5.732","6.67,8.94,7.124,-0.322,-3.284,-6.74","7.908,9.856,7.554,-1.632,-4.184,-7.754","9.266,10.852,8.048,-2.868,-5.026,-8.916","10.584,12.106,8.538,-4.204,-5.734,-10.158","12.13,13.96,8.834,-5.418,-6.052,-11.274","14.174,16.064,9.7,-6.368,-5.974,-12.322","16.148,18.96,10.126,-7.062,-5.466,-13.284","17.416,21.664,10.054,-7.342,-4.834,-13.804","17.67,23.856,9.474,-7.682,-4.316,-14.368","16.594,25.074,7.446,-6.74,-3.404,-14.17","15.364,25.874,5.656,-0.91,-2.524,-12.092","15.944,26.122,2.594,-1.736,-3.24,-10.924","16.266,26.626,-0.014,-4.774,-2.39,-7.574","16.722,27.858,-2.352,-2.37,-0.086,-4.76","18.258,28.372,-4.118,-0.692,1.128,-4.416","19.566,27.316,-4.464,0.374,0.928,-3.45","21.182,24.688,-3.0,0.862,1.09,-1.186","22.886,22.112,-0.446,0.002,1.208,0.504","24.708,21.354,2.232,0.112,1.66,1.026","26.854,19.424,4.752,1.072,1.904,1.45","30.38,17.168,6.914,1.314,1.774,1.652","34.694,15.724,7.076,1.226,1.29,2.276","37.636,14.12,8.092,0.192,0.682,2.774","39.226,12.996,5.102,-0.804,0.18,2.866","39.226,1.42,2.066,-1.384,0.152,2.436","32.83,-4.834,7.726,-0.944,0.256,1.704","38.278,-7.026,18.59,0.306,0.356,1.388","35.63,-29.396,2.462,1.018,0.344,1.56","12.224,-34.874,4.038,0.926,0.216,1.812","0.202,-11.388,-8.378,0.364,0.068,1.938","11.718,14.658,-8.994,-0.142,-0.128,1.894","12.452,13.688,-5.888,-0.854,-0.36,1.786","7.828,-0.342,-2.994,-1.398,-0.602,1.642","7.456,-7.66,-4.14,-1.96,-0.784,1.71","6.382,-9.018,1.224,-2.66,-0.892,1.876","4.4,-7.892,1.56,-2.74,-0.83,2.032","3.084,-5.572,5.186,-2.44,-0.584,2.314","1.058,-2.942,3.966,-1.838,-0.376,2.546","0.756,-1.296,2.454,-1.282,-0.272,2.636","1.296,-2.176,0.55,-1.27,-0.382,2.688","2.104,-4.924,0.0,-1.638,-0.666,2.73","2.184,-5.508,-0.034,-2.238,-0.976,2.788","1.932,-1.962,1.878,-2.656,-1.272,2.778"
"2.846,5.996,7.468,0.944,-1.748,0.558","2.962,6.1,7.664,0.826,-1.722,0.176","3.428,6.134,7.642,0.616,-1.74,-0.252","3.864,6.028,7.77,0.372,-1.716,-0.748","4.352,6.118,7.89,0.194,-1.684,-1.29","4.57,6.362,8.082,-0.088,-1.73,-1.8","4.622,6.76,8.12,-0.608,-1.832,-2.326","5.076,6.996,8.14,-1.172,-1.956,-2.948","5.572,7.328,8.68,-1.818,-2.11,-3.578","6.152,7.85,9.104,-2.402,-2.144,-4.3","6.99,8.356,9.354,-2.93,-2.068,-4.976","7.632,9.176,9.936,-3.396,-2.032,-5.596","8.314,10.1,9.644,-4.038,-2.024,-6.222","8.652,10.61,9.214,-4.78,-1.97,-6.716","8.334,11.478,8.57,-5.338,-1.84,-7.046","8.128,12.53,8.052,-5.61,-1.668,-7.394","7.996,13.908,7.782,-5.356,-1.328,-7.666","7.928,15.306,7.228,-5.124,-1.138,-7.668","8.094,16.324,6.15,-4.888,-0.978,-7.612","8.696,16.812,6.48,-4.358,-1.126,-6.732","8.882,18.042,6.7,-0.554,-0.022,-4.408","8.626,18.36,7.154,0.23,0.04,-7.15","8.62,17.57,7.88,-1.21,-0.556,-5.88","8.954,16.366,8.256,-3.176,-0.746,-4.074","9.872,14.538,8.032,-0.664,-0.11,-4.026","10.184,12.912,7.52,-0.464,0.09,-4.89","9.356,12.03,7.706,-1.232,-0.422,-2.532","9.586,12.106,7.282,-2.344,-0.312,-1.628","11.01,11.704,6.2,-1.208,0.006,-1.18","11.99,9.886,5.302,-0.938,-0.012,-0.698","13.414,7.862,3.934,-1.51,-0.228,0.228","16.022,6.12,3.838,-2.09,-0.182,0.642","16.894,5.454,4.074,-1.882,-0.012,0.952","16.676,4.914,8.004,-1.668,0.072,1.196","24.258,-1.024,-12.412,-1.446,0.052,1.534","26.97,-23.134,5.134,-1.544,-0.12,1.714","8.448,-1.788,16.218,-1.798,-0.388,1.922","12.638,11.612,6.338,-2.148,-0.62,2.056","19.234,-13.09,-2.032,-2.43,-0.73,1.93","9.306,-14.986,4.978,-2.446,-0.714,1.634","8.24,2.946,4.886,-1.992,-0.634,1.55","9.076,4.048,2.65,-1.52,-0.588,1.544","8.444,-7.632,0.288,-1.348,-0.614,1.56","5.842,-5.876,0.55,-1.516,-0.73,1.606","5.432,1.03,2.18,-1.892,-0.898,1.63","4.296,1.696,2.268,-2.372,-1.112,1.654","5.19,-1.042,1.752,-2.708,-1.346,1.684","5.238,-0.944,1.824,-3.036,-1.586,1.734","4.816,-0.018,2.602,-3.382,-1.74,1.692","3.86,0.512,3.342,-3.622,-1.738,1.586"
"1.638,5.588,6.368,3.258,-2.328,1.646","1.704,5.954,6.432,3.48,-2.542,1.476","2.024,6.354,6.27,3.63,-2.75,1.278","2.34,6.826,6.16,3.812,-2.868,0.992","2.45,7.198,6.012,4.13,-2.916,0.576","2.624,7.544,5.64,4.572,-2.916,0.044","2.644,7.812,5.36,4.962,-2.898,-0.608","2.672,7.93,5.12,4.998,-2.964,-1.53","2.998,8.046,4.84,4.678,-3.09,-2.706","3.224,8.394,4.752,3.916,-3.33,-3.922","3.342,8.734,4.41,3.1,-3.766,-5.186","3.74,8.934,4.168,2.23,-4.474,-6.462","4.254,9.268,4.236,0.998,-5.38,-7.71","4.828,9.884,4.096,-0.722,-6.29,-8.72","5.768,10.772,3.968,-2.678,-7.13,-9.336","7.106,11.91,4.194,-4.628,-7.724,-9.992","8.494,12.918,4.616,-6.732,-7.974,-10.92","9.464,14.238,4.714,-8.384,-7.9,-11.66","10.246,15.896,4.204,-9.272,-7.344,-11.968","11.614,17.952,4.35,-9.592,-6.434,-11.94","12.896,21.644,4.658,-9.288,-5.41,-11.026","12.822,26.098,5.44,-2.458,-3.138,-7.394","13.648,31.588,7.174,-5.962,-2.972,-6.844","14.95,34.702,6.89,-1.93,-0.774,-7.73","15.95,34.098,4.79,-5.938,-1.056,-4.844","17.872,32.214,2.966,-3.86,-0.34,-2.76","19.698,28.568,-0.202,-2.71,0.31,-2.238","21.86,23.572,-1.17,-0.744,0.32,-0.7","24.552,18.032,-2.132,-1.036,0.456,0.03","26.296,12.832,-1.944,-0.784,0.664,0.506","27.504,11.308,-0.398,0.306,1.028,0.422","28.694,13.97,1.27,1.674,1.294,0.846","29.724,17.01,2.314,1.846,1.51,1.274","33.152,18.252,3.562,1.992,1.512,1.872","36.068,15.864,7.406,1.456,1.308,2.22","32.716,16.01,-11.376,0.566,1.064,2.32","36.462,-28.366,17.494,-0.338,0.802,2.336","10.696,-15.41,13.022,-0.954,0.52,2.316","17.876,-9.908,21.688,-1.338,0.244,2.262","14.198,-7.326,0.402,-1.622,0.112,2.244","10.034,-14.934,3.366,-1.642,0.034,2.358","6.27,-2.602,-2.516,-1.706,-0.02,2.562","5.082,8.542,-0.668,-1.83,-0.078,2.652","7.014,6.092,0.312,-2.014,-0.184,2.648","3.818,-0.592,-1.178,-2.27,-0.218,2.54","4.496,-4.042,-1.4,-2.198,-0.268,2.492","5.69,-4.7,1.472,-2.112,-0.316,2.562","4.784,-3.322,2.128,-2.044,-0.332,2.57","2.912,-1.392,2.584,-2.064,-0.366,2.622","2.088,2.16,2.856,-2.214,-0.422,2.752"
"2.77,9.14,6.514,2.696,-2.898,-0.65","2.952,9.398,6.276,2.636,-3.124,-0.996","2.926,9.834,6.132,2.884,-3.114,-1.562","2.818,10.128,5.928,3.204,-3.316,-1.972","3.032,10.372,5.66,2.894,-3.696,-2.546","3.398,10.954,5.96,2.35,-3.99,-3.122","3.69,11.814,6.058,1.596,-4.15,-3.706","3.944,12.668,6.246,0.914,-4.278,-4.49","4.108,13.262,6.358,0.288,-4.392,-5.682","5.018,13.218,6.08,-0.326,-4.326,-7.13","5.796,13.276,6.696,-1.122,-4.184,-8.438","5.936,13.654,7.306,-2.174,-4.234,-9.44","6.33,13.756,7.024,-3.264,-4.432,-10.184","6.65,13.66,6.476,-4.054,-4.624,-10.784","6.978,14.318,5.958,-4.55,-4.644,-11.156","7.558,14.698,6.22,-4.638,-4.222,-11.372","8.276,15.758,4.494,-4.708,-3.782,-10.794","9.524,16.18,3.656,-4.682,-3.216,-9.028","9.756,18.042,6.846,-3.792,-2.35,-5.856","11.034,19.992,7.748,-0.676,-0.026,-0.914","12.036,20.726,9.322,1.408,2.954,-4.442","10.956,23.216,9.568,4.56,1.886,-2.016","9.756,26.084,10.092,5.346,2.338,-0.978","9.89,29.818,8.984,2.468,1.832,0.026","12.192,32.872,8.542,-0.368,1.452,1.404","16.092,32.98,7.878,0.924,1.45,1.666","21.36,28.988,6.408,1.556,1.508,1.546","27.212,24.24,4.236,2.728,1.864,1.628","34.878,18.602,3.884,3.006,1.684,2.474","39.226,13.828,6.5,1.926,1.504,2.438","39.226,7.476,11.412,0.726,1.25,1.734","39.15,-1.004,15.036,0.564,0.95,1.55","27.808,-9.122,20.026,0.382,0.606,1.728","24.042,-20.896,-4.746,0.366,0.452,1.784","16.706,-36.64,19.95,0.156,0.376,2.034","2.402,-14.902,-0.304,-0.286,0.224,2.588","6.238,24.238,-13.016,-0.782,0.198,2.894","8.35,23.206,6.21,-1.17,0.224,2.884","8.822,4.0,9.284,-1.45,0.242,2.844","4.562,-2.316,-2.488,-1.508,0.106,2.754","4.884,-8.358,-0.682,-1.258,0.3,2.732","8.034,-7.288,2.546,-1.0,0.492,2.93","7.206,-2.638,0.3,-0.866,0.546,3.144","3.706,3.42,1.512,-0.982,0.598,3.336","2.254,6.796,0.1,-1.13,0.576,3.486","3.598,4.94,-1.78,-1.296,0.464,3.538","4.232,1.09,-2.32,-1.486,0.336,3.53","2.954,-0.192,-1.97,-1.532,0.32,3.51","2.892,0.99,-1.294,-1.594,0.308,3.528","3.934,2.882,-0.758,-1.724,0.294,3.572"
"1.702,4.676,8.944,4.63,-1.44,0.794","1.796,4.99,8.976,4.524,-1.63,0.644","1.952,5.768,9.148,4.528,-1.772,0.49","1.656,6.452,9.51,4.64,-1.844,0.294","1.562,6.906,9.59,4.734,-2.048,0.19","1.616,7.172,9.594,4.704,-2.26,0.018","1.368,7.458,9.474,4.792,-2.312,-0.286","1.538,8.138,9.586,5.086,-2.174,-0.694","1.326,8.876,8.76,5.218,-2.142,-1.278","1.358,8.7,7.21,4.85,-2.448,-2.064","2.17,7.708,6.914,4.302,-2.974,-3.038","2.384,6.686,6.386,3.512,-3.442,-4.222","2.87,6.4,5.76,2.312,-3.924,-5.586","3.924,7.0,5.598,1.042,-4.67,-6.768","3.81,7.762,6.118,-0.19,-5.712,-7.514","3.654,8.292,6.106,-1.602,-6.588,-7.986","4.108,8.342,5.776,-3.086,-6.884,-8.644","4.476,8.96,5.236,-4.772,-6.594,-9.508","4.83,9.578,4.746,-6.272,-5.806,-10.27","5.77,11.364,6.132,-7.856,-4.838,-10.164","7.306,12.948,5.74,-0.066,-2.79,-7.638","8.542,15.084,4.8,-9.13,-4.844,-4.944","8.154,20.0,4.476,-7.078,-3.42,-6.476","5.888,24.568,3.882,-6.484,-0.794,-3.91","4.434,28.056,2.596,-4.582,0.29,-2.858","5.382,30.904,0.86,-4.434,-0.534,-1.014","8.284,31.622,-0.376,-4.424,-0.622,0.972","11.436,29.528,-2.03,-3.04,-0.01,1.674","13.922,22.886,-3.752,-1.546,0.466,2.108","18.516,13.882,-3.034,-0.662,1.126,2.248","25.216,8.574,-1.716,0.064,1.508,2.542","30.658,9.528,3.594,0.478,1.69,2.784","30.988,14.886,7.232,0.886,1.764,3.074","30.658,13.694,2.898,0.9,1.66,2.924","20.808,16.508,-1.662,0.742,1.396,2.738","26.426,-13.746,18.874,0.144,0.93,2.52","-6.998,10.752,-5.616,-0.614,0.418,2.558","30.01,-1.586,1.89,-1.534,0.054,2.498","13.474,-12.532,3.526,-1.784,0.016,2.212","-2.336,0.116,-3.122,-1.192,0.142,2.014","8.758,11.388,-2.256,-0.404,0.348,1.838","6.056,5.442,-4.926,0.034,0.484,1.774","5.966,-0.34,-1.46,-0.186,0.45,1.756","5.78,0.196,-0.136,-0.702,0.244,1.798","6.98,-1.342,2.416,-1.074,0.076,1.74","6.216,-1.98,2.414,-1.152,0.012,1.684","5.644,-0.046,1.704,-1.25,0.006,1.674","2.704,2.54,-0.41,-1.388,-0.012,1.768","1.318,4.612,-0.82,-1.574,-0.048,1.934","0.572,5.48,-0.924,-1.782,-0.09,2.042"
"1.016,1.51,4.144,4.206,-2.84,2.546","2.524,1.402,4.68,4.482,-2.846,2.358","3.272,1.838,5.864,4.708,-2.876,2.078","2.936,2.426,6.634,4.872,-2.896,1.624","2.674,3.202,7.112,5.088,-2.876,1.098","2.456,2.882,6.568,5.23,-2.978,0.408","2.682,2.754,6.256,5.066,-3.182,-0.606","2.708,3.828,5.95,4.72,-3.57,-1.988","2.46,5.338,5.426,4.104,-4.426,-3.606","2.158,6.724,4.842,2.566,-5.584,-5.282","2.13,7.334,4.246,0.834,-6.778,-6.482","2.944,8.03,4.1,-0.384,-7.904,-7.19","4.118,9.808,3.952,-1.91,-8.508,-8.428","4.948,11.238,3.602,-3.392,-8.584,-9.942","5.524,11.456,3.326,-5.18,-8.692,-11.038","6.33,12.862,3.16,-7.206,-8.626,-12.02","7.52,15.862,3.51,-8.626,-8.282,-12.726","9.064,19.768,3.986,-9.286,-7.468,-13.012","10.758,23.916,2.602,-8.786,-6.248,-12.262","11.862,28.356,1.02,-3.094,-3.74,-9.8","11.958,33.278,-0.426,-2.052,-4.504,-4.348","11.85,37.86,-3.582,-6.824,-2.232,-3.738","11.53,38.498,-6.124,-2.472,-0.06,-3.122","12.808,38.458,-5.026,-0.214,0.772,-2.436","19.18,37.41,-5.03,2.812,0.736,-1.048","25.884,29.734,-4.808,1.774,0.894,0.382","28.208,19.18,-1.088,0.454,0.804,1.912","30.91,14.396,1.758,0.968,1.182,2.316","33.64,13.532,6.464,1.454,1.162,2.154","33.962,13.252,9.588,2.106,1.11,2.106","34.854,14.468,8.398,1.8,0.95,2.304","36.952,15.836,5.644,1.338,0.792,2.254","39.226,17.118,3.93,0.774,0.61,2.06","39.226,14.326,4.52,0.156,0.35,2.008","39.226,-9.49,-1.398,-0.324,0.23,1.9","25.83,-21.816,31.718,-0.394,0.118,1.752","5.978,-19.366,-3.532,-0.434,0.082,1.7","10.162,-20.938,4.46,-0.634,0.084,1.808","10.598,4.41,-10.682,-0.934,0.07,2.074","9.052,21.492,-1.386,-1.248,0.006,2.328","9.714,10.278,2.196,-1.698,-0.114,2.562","8.436,-1.95,1.006,-2.02,-0.244,2.732","6.718,-7.708,1.014,-2.246,-0.296,2.82","6.878,-9.238,1.576,-2.402,-0.332,2.876","7.85,-7.506,3.866,-2.348,-0.318,2.932","6.498,-1.918,3.104,-2.1,-0.138,3.04","5.572,2.768,2.766,-1.764,0.072,3.222","5.13,5.048,0.78,-1.494,0.226,3.394","5.216,5.088,1.402,-1.588,0.264,3.464","4.644,4.616,0.128,-1.86,0.144,3.406"
"1.052,7.144,5.776,4.57,-2.632,0.86","1.168,9.914,4.64,4.27,-2.828,0.632","2.27,9.136,4.166,4.052,-2.998,0.37","3.238,7.318,3.614,3.95,-3.186,0.042","4.05,6.406,3.186,3.858,-3.402,-0.392","4.45,6.88,3.416,3.712,-3.67,-0.968","4.556,8.344,4.33,3.374,-3.99,-1.656","4.69,9.502,4.952,3.008,-4.418,-2.566","4.888,9.572,5.268,2.13,-4.974,-3.742","5.358,9.04,5.182,0.964,-5.602,-5.086","5.984,9.226,4.348,-0.386,-6.212,-6.334","6.354,9.68,3.78,-1.586,-6.826,-7.33","6.276,10.194,3.822,-2.824,-7.326,-8.262","6.468,10.78,3.638,-4.222,-7.538,-9.278","6.68,11.168,3.822,-5.338,-7.5,-10.21","7.294,11.848,3.622,-6.374,-7.228,-11.106","8.168,12.652,2.254,-6.992,-6.646,-11.706","8.848,13.382,1.406,-7.168,-5.988,-11.62","9.56,14.31,0.804,-7.218,-5.244,-10.776","11.132,16.23,0.558,-2.864,-2.902,-8.408","12.674,19.366,-0.056,-0.12,-3.234,-5.356","13.306,22.294,-0.526,-6.062,-2.634,-3.74","13.654,25.706,-0.102,-3.144,-0.806,-2.012","13.63,28.724,-2.23,-1.104,0.328,-1.624","15.054,27.314,-2.712,0.308,-0.248,-0.038","19.304,22.43,-3.93,-0.902,-0.732,1.39","23.858,17.156,-2.172,-0.956,-0.042,2.246","26.71,14.028,0.652,0.552,0.532,2.85","29.082,12.376,2.656,1.198,0.508,2.972","31.52,11.036,3.532,0.902,0.504,3.102","33.968,11.688,4.542,0.008,0.36,3.284","36.46,13.212,4.294,-0.388,0.22,3.17","38.27,13.744,4.726,-0.4,0.248,2.924","38.698,7.696,-0.452,0.068,0.284,2.818","33.772,-14.376,2.526,0.03,0.272,2.802","15.744,-9.484,23.806,-0.356,0.16,2.778","13.688,-13.556,-4.64,-0.85,-0.052,2.938","16.94,-20.212,1.646,-1.246,-0.208,2.968","5.892,3.658,-5.364,-1.548,-0.316,2.866","4.46,19.726,-3.924,-1.796,-0.352,2.862","11.552,7.436,0.366,-1.8,-0.306,3.036","12.456,-5.314,-0.482,-1.678,-0.264,3.26","8.104,-7.052,0.982,-1.6,-0.168,3.364","7.32,-3.742,2.916,-1.724,-0.14,3.438","8.006,-2.176,5.454,-1.962,-0.212,3.552","6.98,-1.828,3.176,-2.182,-0.302,3.65","7.734,-3.386,2.96,-2.36,-0.372,3.726","7.552,-2.758,0.834,-2.412,-0.41,3.768","6.956,-0.482,0.918,-2.466,-0.418,3.824","6.306,2.666,1.148,-2.534,-0.456,3.886"
"4.126,4.61,7.504,1.472,-3.484,0.164","4.414,4.59,7.008,1.424,-3.508,-0.34","4.61,4.494,6.73,1.38,-3.534,-0.882","4.848,4.928,6.738,1.374,-3.538,-1.486","4.916,5.746,6.928,1.494,-3.38,-2.184","4.96,6.47,6.996,1.616,-3.184,-2.956","5.314,6.78,6.99,1.624,-3.026,-3.772","5.612,7.258,7.002,1.528,-2.948,-4.596","5.856,8.09,6.476,1.334,-3.032,-5.396","6.478,8.832,6.144,0.924,-3.264,-6.282","6.912,9.67,5.81,0.47,-3.512,-7.102","7.27,10.816,5.906,-0.106,-3.788,-7.768","7.762,12.022,6.136,-0.85,-4.092,-8.436","8.254,13.06,6.554,-1.786,-4.324,-9.0","9.146,14.158,7.112,-2.818,-4.69,-9.478","10.29,15.306,7.594,-4.042,-5.014,-9.976","11.412,16.316,7.912,-5.054,-5.172,-10.47","11.68,17.556,7.964,-5.722,-5.204,-10.928","11.696,18.75,7.904,-6.136,-4.806,-11.36","12.164,19.336,8.334,-6.616,-4.37,-10.998","12.25,20.136,8.938,-4.898,-2.646,-9.352","12.304,20.984,8.83,1.536,-2.692,-6.544","11.936,20.936,7.904,-6.404,-4.086,-2.452","11.188,20.676,6.908,-7.282,-1.594,-2.816","11.436,19.776,5.796,-4.468,0.63,-2.034","12.38,18.518,5.222,0.05,1.86,-1.158","12.9,16.942,4.866,1.562,0.874,0.528","14.332,15.218,4.598,0.198,0.174,0.54","15.996,12.952,3.992,-1.898,0.29,1.174","16.792,10.842,2.788,-1.014,1.07,1.616","18.79,10.09,-0.41,-0.664,1.39,2.2","22.458,9.132,-0.888,0.378,1.326,2.448","26.392,11.312,-1.0,0.2,1.378,2.424","31.994,13.884,1.352,0.152,1.522,2.478","35.688,11.082,-0.194,-0.304,1.378,2.438","36.598,-8.928,-3.092,-0.712,1.062,2.152","21.902,-16.654,25.636,-1.13,0.762,1.926","6.274,-2.68,8.922,-1.322,0.564,1.962","11.122,-21.028,-4.476,-1.48,0.51,2.172","12.002,-22.408,2.4,-1.538,0.58,2.324","1.074,3.59,-10.782,-1.654,0.63,2.412","-2.348,27.596,-1.782,-1.922,0.572,2.508","3.78,16.508,3.422,-2.156,0.334,2.526","6.452,1.114,1.474,-2.356,0.018,2.376","5.532,-5.662,0.918,-2.48,-0.274,2.172","3.21,-3.732,-1.394,-2.444,-0.552,2.118","2.64,-1.642,0.91,-2.31,-0.702,2.214","3.142,-0.04,2.372,-2.098,-0.63,2.356","2.746,0.814,2.45,-1.866,-0.512,2.526","1.518,1.908,1.58,-1.614,-0.404,2.718"
"2.986,7.892,4.792,2.748,-2.85,2.412","3.756,10.878,4.06,2.486,-3.05,2.146","3.368,7.658,3.572,2.36,-3.242,1.808","3.272,4.792,4.046,2.226,-3.364,1.376","4.34,6.068,3.456,2.292,-3.512,0.858","4.944,7.604,3.39,2.256,-3.748,0.334","4.556,8.794,4.308,1.978,-3.912,-0.402","4.598,9.352,4.962,1.614,-4.098,-1.388","4.448,9.78,4.378,1.084,-4.348,-2.458","4.73,9.72,3.724,0.448,-4.656,-3.622","5.0,9.79,2.846,-0.316,-5.088,-4.782","4.968,10.218,2.046,-1.374,-5.702,-5.792","4.87,10.728,1.372,-2.524,-6.39,-6.632","5.286,11.396,1.352,-3.764,-7.064,-7.374","6.052,12.586,0.942,-5.162,-7.502,-8.114","6.58,14.11,0.232,-6.372,-7.628,-8.948","7.286,15.444,-0.064,-7.428,-7.486,-9.76","8.162,17.272,-0.678,-8.042,-6.816,-10.384","9.208,18.796,-1.088,-8.33,-6.06,-10.328","10.334,20.886,-0.12,-8.12,-5.212,-9.866","10.394,23.398,-0.026,-6.19,-3.662,-8.684","9.906,25.052,0.774,1.556,-3.272,-4.74","9.85,26.312,1.546,-7.034,-3.104,-3.652","9.666,27.146,1.072,-0.402,-1.376,-2.47","9.798,26.974,0.236,-3.26,-0.846,-1.024","11.266,24.49,0.04,0.35,-0.412,0.188","13.812,19.812,-0.604,-0.38,-0.42,1.196","15.838,15.036,-1.362,0.238,-0.256,2.172","17.668,11.858,-0.13,0.958,0.58,2.942","19.532,11.016,0.938,2.286,1.106,3.496","22.768,10.744,3.614,2.618,1.288,3.688","27.47,11.868,5.19,2.516,1.268,3.648","33.69,12.014,6.274,1.25,1.034,3.786","35.764,11.32,5.578,0.576,0.892,4.01","36.382,7.512,5.438,0.012,0.71,4.25","33.942,0.632,-8.032,0.14,0.708,4.292","34.744,-27.64,25.43,0.28,0.756,4.2","11.844,-13.87,-4.362,0.568,0.8,4.1","9.058,-20.902,14.286,0.41,0.728,4.052","11.904,-3.158,-6.468,0.24,0.642,4.076","7.578,11.122,-0.988,-0.23,0.448,4.146","8.52,14.558,-3.216,-0.654,0.24,4.118","11.906,2.34,-1.414,-1.18,0.024,4.044","12.202,-4.088,-0.404,-1.636,-0.154,3.97","9.042,-6.048,1.418,-1.92,-0.31,3.926","7.896,-4.336,2.888,-2.062,-0.48,3.814","8.536,-2.99,3.79,-2.06,-0.572,3.546","9.826,-1.628,2.9,-2.044,-0.596,3.368","10.24,-2.596,1.562,-2.096,-0.706,3.34","9.938,-3.01,-0.062,-2.308,-0.84,3.272"
"3.878,6.382,8.15,2.102,-2.948,-0.188","4.07,6.554,7.8,2.302,-2.87,-0.668","3.992,7.152,7.706,2.428,-2.772,-1.224","3.994,7.716,7.382,2.416,-2.624,-1.774","4.01,8.088,7.048,2.34,-2.532,-2.468","4.008,8.236,6.628,2.182,-2.636,-3.272","4.318,8.242,6.342,1.906,-2.78,-4.134","4.898,8.496,6.188,1.514,-2.978,-5.074","5.328,8.692,6.136,0.89,-3.346,-5.984","5.684,8.756,6.324,0.148,-3.888,-6.78","6.134,9.318,6.08,-0.842,-4.498,-7.506","6.686,9.684,6.16,-2.03,-4.972,-8.136","7.3,10.44,6.136,-3.088,-5.28,-8.694","7.792,11.304,6.08,-3.808,-5.578,-9.236","8.32,12.222,6.278,-4.526,-5.768,-9.77","8.856,13.416,6.186,-5.062,-5.766,-10.038","9.914,15.594,6.79,-5.414,-5.416,-10.192","10.668,19.192,6.752,-5.336,-4.698,-10.334","10.154,22.316,6.714,-4.61,-3.82,-9.964","10.132,23.724,7.442,-4.442,-3.456,-8.782","10.82,24.214,7.206,-0.324,-1.568,-6.042","11.082,24.084,5.99,-1.582,-0.796,-2.572","11.012,23.108,4.874,1.332,1.488,-5.622","11.526,21.0,2.388,0.198,0.806,-0.186","12.408,18.378,1.794,3.4,1.84,-0.738","14.058,16.276,1.102,2.994,2.08,0.316","15.874,14.462,0.014,2.314,1.692,1.634","16.5,12.222,-1.142,0.872,1.336,2.274","17.62,11.256,-0.73,0.088,1.592,2.304","21.628,11.472,0.028,0.382,1.622,2.944","27.462,11.022,2.296,0.332,1.616,3.308","34.286,9.8,5.748,-0.302,1.88,2.916","39.226,5.904,8.578,-0.14,1.992,2.696","38.67,-1.602,13.126,-0.198,1.712,2.832","23.718,-0.84,7.558,-0.736,1.358,2.664","30.02,-28.548,9.268,-1.254,1.152,2.456","-1.986,-25.208,12.77,-1.634,1.062,2.508","7.33,-20.114,1.372,-1.792,1.06,2.628","3.354,4.466,-13.338,-1.846,1.006,2.712","9.176,8.042,-2.858,-1.892,0.888,2.732","4.198,10.768,-4.55,-2.012,0.738,2.624","2.654,3.1,-0.598,-2.118,0.632,2.482","5.476,-3.962,3.63,-2.192,0.562,2.542","7.114,-7.04,1.71,-2.194,0.574,2.63","4.684,-5.068,-0.386,-2.182,0.64,2.706","3.572,-0.752,1.548,-2.042,0.622,2.786","4.6,2.898,-0.934,-1.896,0.5,2.77","5.284,3.722,-1.174,-1.966,0.334,2.608","2.704,5.226,-0.312,-2.144,0.172,2.448","1.464,6.262,0.092,-2.304,0.052,2.412"
"5.694,3.07,4.832,3.946,-2.972,1.952","5.49,3.318,4.976,4.022,-3.046,1.708","5.874,5.04,5.316,4.182,-3.044,1.4","6.296,6.592,5.54,4.28,-3.098,1.014","5.968,8.01,6.014,4.33,-3.236,0.49","4.876,9.748,6.24,4.22,-3.616,-0.188","3.846,11.478,5.45,4.14,-3.992,-1.104","3.632,13.894,3.958,3.726,-4.348,-2.18","4.034,15.23,2.822,2.946,-4.95,-3.368","4.434,14.898,1.952,2.032,-5.994,-4.534","4.492,14.554,0.796,0.902,-7.204,-5.588","4.768,14.84,0.55,-0.194,-8.176,-6.582","5.504,15.91,1.368,-1.232,-8.926,-7.548","6.398,16.712,2.578,-2.502,-9.52,-8.598","7.412,17.448,2.576,-4.032,-9.748,-9.596","8.412,18.762,2.068,-5.784,-9.368,-10.466","9.338,20.684,1.406,-7.016,-8.73,-11.224","10.024,22.556,0.652,-7.908,-8.146,-11.774","10.06,25.496,-0.242,-8.086,-7.208,-11.958","9.9,27.816,-1.084,-4.298,-3.84,-10.98","10.288,29.772,-2.19,2.546,-4.458,-6.378","11.162,32.266,-3.604,-11.664,-4.908,-3.834","12.176,34.488,-4.798,-5.56,-2.408,-2.356","13.682,34.048,-5.482,-3.166,0.318,-1.362","16.964,29.498,-4.97,0.988,0.494,-0.486","21.232,22.54,-4.152,0.366,-1.248,1.228","25.106,15.298,-1.952,-2.132,-1.096,1.49","27.272,8.954,2.288,-1.174,0.48,2.78","28.674,5.24,7.024,0.554,0.684,3.23","30.242,4.8,12.314,0.9,0.392,3.276","31.284,6.632,13.604,0.414,0.5,3.356","29.666,7.774,12.816,-0.592,0.352,3.306","27.98,11.858,8.568,-0.954,0.118,3.256","31.282,15.704,4.518,-1.252,-0.054,3.094","37.962,3.996,-4.81,-1.198,-0.232,2.878","18.868,-7.374,29.864,-1.756,-0.586,2.784","1.948,4.198,-17.662,-2.016,-0.776,2.712","20.042,-25.034,1.358,-2.288,-0.922,2.75","8.466,-7.678,-4.872,-2.28,-1.02,2.742","-3.468,26.388,-12.44,-2.218,-1.086,2.618","3.088,22.064,3.268,-2.27,-1.144,2.514","15.656,-2.512,2.35,-2.49,-1.228,2.552","11.332,-10.478,1.544,-2.814,-1.336,2.654","3.62,-7.338,-0.5,-3.09,-1.408,2.77","5.918,-2.204,4.716,-3.26,-1.484,2.954","7.222,-0.344,5.222,-3.362,-1.564,3.102","6.39,-0.466,4.216,-3.414,-1.646,3.13","5.408,-0.632,2.62,-3.418,-1.716,3.06","5.086,0.852,2.246,-3.368,-1.718,3.034","5.186,2.672,1.212,-3.288,-1.708,3.104"
"3.392,6.022,6.396,3.694,-3.25,2.35","4.324,6.818,6.036,3.508,-3.54,1.958","4.224,6.34,7.062,3.388,-3.864,1.504","4.154,6.22,6.406,3.294,-4.198,0.92","5.968,7.816,6.04,3.146,-4.442,0.092","6.156,8.242,7.374,2.864,-4.582,-0.982","6.462,8.138,6.568,2.34,-4.72,-2.146","7.464,8.73,7.06,1.618,-5.028,-3.352","7.534,9.988,7.506,0.844,-5.492,-4.504","7.756,11.642,7.306,0.088,-5.94,-5.662","7.864,12.344,7.612,-0.916,-6.356,-6.706","8.138,13.246,7.224,-2.116,-6.718,-7.544","9.132,14.228,6.348,-3.596,-6.976,-8.256","9.704,15.398,5.49,-4.894,-7.012,-8.966","9.76,17.07,4.874,-6.01,-6.828,-9.56","9.942,18.53,4.064,-6.814,-6.474,-10.048","10.446,19.738,2.558,-7.374,-6.09,-10.368","11.048,21.152,1.98,-7.864,-5.624,-10.56","11.456,23.394,1.928,-7.746,-4.808,-10.476","12.178,25.854,2.394,-1.366,-2.2,-9.702","13.106,28.27,2.492,0.27,-3.824,-7.882","13.484,29.426,2.284,-7.088,-4.438,-6.84","13.404,27.918,1.752,-2.88,-1.938,-4.65","13.264,25.402,0.786,0.492,0.102,-5.538","14.656,21.292,1.666,1.076,-0.282,-4.11","16.724,16.926,2.498,-1.19,-0.624,-1.35","17.662,13.02,4.288,-1.17,0.132,-0.16","17.698,9.69,4.552,0.632,0.914,0.15","17.758,7.812,5.304,1.66,0.964,1.006","17.752,7.828,5.72,0.944,0.836,1.708","18.746,8.43,5.48,-0.124,0.612,2.4","21.876,9.92,4.832,-0.782,0.56,2.648","26.286,11.226,5.056,-0.91,0.592,2.732","32.914,4.562,-1.738,-0.886,0.67,2.65","30.572,-11.376,4.242,-0.726,0.674,2.534","18.422,13.788,31.002,-0.982,0.512,2.546","31.494,-4.26,-3.292,-1.392,0.278,2.548","28.56,-33.278,10.274,-1.872,-0.024,2.452","-0.87,-18.282,6.396,-2.106,-0.258,2.278","7.064,6.192,4.042,-2.276,-0.374,2.21","13.422,8.734,-1.466,-2.4,-0.42,2.23","8.718,0.414,-5.0,-2.614,-0.496,2.374","6.402,0.886,-5.436,-2.826,-0.532,2.548","5.12,5.354,-1.464,-3.044,-0.584,2.684","6.074,3.134,2.34,-3.162,-0.652,2.78","5.908,-0.672,1.81,-3.218,-0.724,2.832","6.02,-2.904,2.158,-3.286,-0.828,2.85","5.92,-3.264,2.048,-3.47,-0.966,2.842","5.922,-2.22,2.808,-3.652,-1.144,2.826","5.27,-0.444,3.012,-3.806,-1.332,2.868"
"7.126,8.766,3.504,-0.614,-5.16,-0.188","7.562,9.1,3.512,0.96,-4.59,-0.866","8.182,9.392,3.38,0.484,-4.94,-0.836","8.674,9.38,3.358,0.564,-5.296,-1.332","8.98,9.396,3.35,1.32,-5.164,-2.298","9.246,9.578,3.534,1.414,-5.388,-3.006","9.606,9.784,3.864,1.538,-5.544,-3.862","9.948,10.122,4.32,1.776,-5.598,-4.882","10.298,10.44,4.502,2.03,-5.638,-6.022","10.618,10.628,4.548,1.666,-5.898,-7.092","11.106,10.846,4.392,0.764,-6.326,-8.13","11.62,10.974,3.932,-0.592,-6.744,-9.198","12.378,11.05,3.854,-2.248,-7.192,-10.144","14.278,11.806,2.626,-3.898,-7.746,-10.89","15.812,11.614,8.608,-5.392,-8.278,-11.658","18.652,21.716,5.39,-7.07,-8.558,-12.436","22.598,17.28,4.5,-8.51,-8.33,-13.044","21.792,16.02,7.498,-9.864,-7.834,-13.336","20.766,21.246,5.278,-10.232,-6.186,-12.96","21.488,22.754,6.214,-1.782,-2.198,-11.172","23.054,24.516,5.57,-1.594,-4.848,-7.372","23.522,26.398,6.246,-12.104,-4.802,-7.132","23.682,26.99,6.214,-7.942,-0.452,-5.486","24.406,28.62,7.326,-2.542,2.676,-4.558","24.61,29.96,7.304,-0.064,1.414,-3.952","24.676,29.002,6.814,-0.62,-0.186,-2.332","25.586,25.99,4.77,-1.944,0.496,-0.778","27.018,21.406,2.512,-0.354,1.28,-0.01","28.366,17.646,-0.526,0.492,1.196,0.442","30.122,15.222,0.04,0.886,1.34,0.748","33.194,16.728,-0.232,0.572,1.374,1.488","37.554,19.926,1.692,0.498,1.27,2.068","39.226,21.816,3.062,-0.278,1.144,2.2","39.226,8.608,-4.276,-0.59,0.996,1.804","33.972,-18.964,7.282,-1.072,0.662,1.684","16.612,9.066,33.446,-1.448,0.272,1.73","27.772,-1.408,-11.706,-2.03,0.046,1.866","36.924,-39.226,9.25,-2.726,-0.024,2.008","0.214,-23.302,-4.284,-3.178,0.002,1.976","-2.14,14.624,-5.34,-3.398,-0.018,1.838","15.874,16.242,-0.798,-2.966,-0.05,1.782","10.276,-2.468,-2.09,-2.326,-0.082,1.872","3.306,-10.524,-4.746,-1.764,-0.118,2.024","5.17,-5.886,-1.27,-1.578,-0.056,2.2","8.624,-5.48,1.02,-1.758,-0.05,2.39","5.696,-5.654,0.216,-2.194,-0.214,2.624","3.942,-5.614,1.72,-2.716,-0.486,2.812","1.778,-3.614,0.79,-3.22,-0.87,2.89","1.28,-3.048,1.544,-3.634,-1.21,2.93","0.79,-1.834,0.36,-3.842,-1.39,3.02"
"5.314,5.484,5.786,2.972,-4.426,0.95","5.958,6.156,5.886,3.26,-4.494,0.492","6.586,6.694,5.738,3.558,-4.56,0.008","7.134,7.228,5.704,3.818,-4.686,-0.532","7.586,7.706,5.824,4.13,-4.848,-1.292","7.92,8.25,5.718,4.392,-5.054,-2.294","8.3,8.712,5.698,4.402,-5.332,-3.438","8.77,9.236,5.824,4.06,-5.738,-4.65","9.212,9.96,5.782,3.424,-6.242,-5.846","9.792,10.726,5.886,2.544,-6.95,-7.058","10.502,11.49,5.66,1.314,-7.626,-8.322","11.148,12.426,5.654,-0.32,-8.188,-9.626","11.868,13.52,5.7,-2.42,-8.55,-10.892","13.13,14.78,5.666,-4.492,-8.86,-11.986","14.938,16.616,6.184,-6.76,-8.98,-12.964","16.872,19.114,6.492,-8.84,-8.778,-13.612","18.712,22.064,6.372,-10.314,-8.406,-13.86","19.814,25.266,6.098,-9.986,-6.672,-13.786","19.994,28.296,5.26,-6.522,-5.59,-12.756","20.558,30.846,4.946,-8.836,-5.734,-11.676","21.692,33.948,4.796,-13.256,-5.114,-11.366","23.438,34.87,4.734,-7.33,-2.156,-9.122","25.142,35.49,3.878,-5.156,-0.694,-6.888","26.286,34.396,3.032,-4.772,0.906,-7.216","26.81,31.81,2.582,-4.51,0.78,-4.03","28.026,29.654,2.422,-2.172,1.488,-2.066","29.896,27.524,3.512,-0.718,1.538,-2.546","31.482,24.542,1.728,0.15,1.374,-2.02","31.966,22.146,1.32,0.66,1.478,-1.23","33.564,21.112,-0.646,1.068,1.65,-0.338","36.362,19.24,-2.476,1.452,1.846,0.336","38.206,18.036,-3.76,1.884,2.222,0.78","39.026,6.714,-2.984,2.204,2.41,1.006","34.93,7.842,17.592,1.724,2.268,1.186","36.446,16.81,14.43,0.816,1.714,1.384","39.226,-8.466,-7.75,-0.43,1.188,1.39","35.588,-39.226,17.596,-1.688,0.96,1.28","5.384,-24.618,14.086,-2.466,0.926,1.144","9.638,-14.97,6.8,-2.638,0.95,1.128","15.97,-6.898,-3.784,-2.132,0.814,1.232","4.95,0.056,-3.126,-1.412,0.56,1.386","4.198,3.094,-5.596,-0.928,0.426,1.612","5.25,1.236,-2.884,-0.87,0.414,1.84","6.086,-3.432,-2.882,-1.162,0.446,2.026","6.056,-5.194,-2.52,-1.512,0.378,2.172","4.94,-7.156,-2.044,-1.814,0.246,2.28","1.986,-8.494,-1.944,-2.1,0.078,2.37","-0.014,-7.684,0.12,-2.382,-0.14,2.476","-0.926,-3.968,-0.36,-2.658,-0.38,2.606","-1.81,0.098,-0.242,-2.858,-0.644,2.74"
"5.698,6.406,4.392,2.432,-3.452,-0.64","5.972,7.206,4.29,2.74,-3.6,-2.134","6.288,7.946,3.852,2.556,-3.77,-4.204","7.306,8.678,4.17,1.442,-4.724,-6.654","7.902,9.542,4.686,0.018,-5.082,-8.458","7.64,10.878,5.274,-1.782,-5.852,-9.938","8.086,11.866,4.792,-2.686,-6.394,-10.792","9.626,11.978,3.82,-4.552,-6.61,-11.822","11.074,12.566,3.742,-6.728,-6.796,-12.57","12.064,14.288,4.234,-9.078,-7.188,-13.01","12.838,16.762,4.67,-10.42,-7.332,-13.48","13.86,19.736,4.078,-10.5,-6.68,-13.994","15.736,22.658,2.53,-9.458,-5.05,-13.958","17.352,25.988,1.008,-5.09,-3.124,-13.954","17.154,30.74,-1.058,-6.188,-2.776,-13.07","16.26,36.574,-3.468,-5.93,-2.068,-12.546","16.556,38.558,-4.058,-2.768,-1.024,-11.014","17.2,38.558,-1.252,-1.686,-1.192,-7.952","19.732,38.504,0.774,-2.1,-0.54,-4.022","24.964,37.972,2.366,-1.69,1.768,-1.488","30.45,27.974,0.622,1.856,2.94,-1.106","29.732,15.438,3.7,5.538,2.144,0.002","27.572,7.388,6.142,7.858,1.886,0.606","23.382,3.37,3.78,5.274,1.488,1.1","19.964,2.518,0.69,0.444,0.31,2.366","16.18,6.786,-1.142,-1.836,0.05,2.59","16.148,14.714,2.27,-2.032,0.374,2.614","23.184,22.91,-2.782,-0.916,0.92,3.064","39.226,16.784,8.212,0.72,1.144,3.286","39.226,6.392,13.174,1.626,1.136,2.944","39.226,-10.612,4.71,1.38,0.964,2.338","38.794,-25.51,13.808,0.266,0.65,2.128","30.456,-30.364,9.708,-1.362,0.376,2.434","17.588,-36.332,6.542,-2.766,0.172,2.692","0.788,-35.874,-10.014,-3.246,0.064,2.72","-2.638,-19.622,-14.55,-2.972,-0.058,2.678","0.39,7.886,-16.3,-2.526,-0.174,2.598","-0.318,21.426,-1.68,-2.312,-0.304,2.532","0.626,8.884,9.434,-2.488,-0.368,2.554","1.21,-3.332,7.562,-2.834,-0.464,2.664","3.116,-9.088,2.504,-3.082,-0.536,2.816","5.614,-13.684,-0.388,-3.224,-0.616,2.958","4.624,-14.278,-2.782,-3.272,-0.732,3.026","1.662,-9.516,-1.938,-3.372,-0.878,3.06","-0.436,-2.602,0.56,-3.52,-1.018,3.108","-0.784,3.114,2.736,-3.702,-1.22,3.164","-0.102,6.27,4.518,-3.906,-1.464,3.204","0.056,6.196,4.642,-4.128,-1.662,3.204","-0.042,4.168,2.472,-4.304,-1.858,3.128","-0.07,2.294,0.598,-4.386,-2.042,3.008"
"5.612,6.628,6.39,3.37,-3.63,-0.486","6.088,7.554,5.868,2.826,-3.87,-1.502","6.418,8.26,5.338,3.128,-3.87,-2.96","6.81,8.79,5.116,2.27,-4.28,-3.984","7.278,9.65,5.056,1.648,-4.704,-5.218","7.952,10.912,4.888,2.486,-4.72,-6.448","8.8,12.03,4.638,2.396,-4.99,-7.828","9.42,13.096,4.302,1.558,-5.664,-9.222","10.01,14.232,3.996,0.324,-6.506,-10.276","11.148,15.782,3.5,-1.008,-7.288,-10.996","12.926,17.788,2.456,-2.706,-7.91,-11.46","14.242,19.666,1.894,-4.442,-8.306,-11.982","14.1,22.214,2.308,-5.982,-8.236,-12.698","13.634,25.114,2.392,-6.702,-7.866,-13.368","14.192,26.914,1.768,-7.496,-7.074,-14.168","16.114,26.962,0.542,-4.354,-4.672,-14.092","13.258,30.724,6.55,-2.716,-5.21,-12.858","12.336,37.776,6.962,-4.072,-5.076,-10.846","14.408,31.298,3.178,-6.358,-3.234,-7.304","16.72,29.27,-0.508,-2.234,1.19,-4.304","16.758,29.252,2.68,-1.014,2.412,-3.084","16.344,26.886,5.042,2.138,0.582,0.402","16.326,23.538,4.708,2.028,0.072,0.338","16.876,16.618,3.142,0.18,0.416,1.596","17.336,8.648,2.466,0.128,0.812,2.144","16.268,4.448,1.106,0.846,1.292,1.866","17.88,6.05,1.102,1.534,1.816,2.548","23.274,12.894,2.156,2.004,1.78,3.498","30.154,21.194,5.792,1.606,1.526,4.154","37.866,26.592,3.076,0.04,1.204,3.948","39.226,3.034,-1.434,-1.554,0.674,3.094","30.804,21.124,7.346,-2.864,0.002,2.306","39.226,-4.936,18.1,-3.264,-0.384,2.064","36.822,-35.726,4.46,-3.244,-0.526,2.248","5.252,-39.226,10.302,-2.82,-0.518,2.43","-2.856,-12.774,-16.576,-2.714,-0.566,2.504","1.306,30.112,-11.588,-2.892,-0.694,2.446","7.054,30.638,-4.236,-3.39,-0.844,2.444","2.626,3.954,-2.676,-3.95,-0.95,2.444","1.362,-6.944,-3.598,-4.264,-1.082,2.432","8.36,-10.042,-0.186,-4.392,-1.18,2.508","9.076,-10.584,-1.458,-4.268,-1.252,2.618","5.942,-6.134,0.804,-4.174,-1.306,2.718","2.708,0.974,2.06,-4.01,-1.268,2.742","-0.174,7.01,0.84,-3.774,-1.266,2.788","-1.214,7.842,-1.71,-3.592,-1.318,2.826","0.514,4.802,-2.958,-3.37,-1.45,2.796","2.614,1.604,-2.698,-3.146,-1.622,2.702","2.842,0.748,-1.88,-2.966,-1.726,2.602","2.498,1.064,-0.088,-2.742,-1.764,2.536"
"4.478,10.058,4.41,2.796,-4.702,1.286","4.834,10.17,4.392,2.94,-5.012,0.822","5.202,10.546,3.946,3.29,-5.332,0.278","5.93,11.158,3.796,3.552,-5.622,-0.432","6.628,11.912,3.786,3.866,-5.846,-1.42","7.306,12.54,3.824,3.996,-6.114,-2.732","7.69,12.53,4.29,3.762,-6.47,-4.128","7.882,12.922,3.31,3.2,-6.914,-5.528","8.03,13.154,2.552,2.426,-7.546,-6.788","8.392,13.29,2.322,1.462,-8.166,-7.712","9.37,14.252,1.818,0.22,-8.726,-8.312","10.628,15.24,1.292,-1.45,-9.186,-9.062","12.152,16.726,1.212,-3.432,-9.64,-10.396","14.01,18.636,0.862,-5.896,-9.88,-12.108","15.566,20.438,1.002,-8.044,-9.79,-13.306","16.544,22.256,0.21,-9.972,-9.776,-13.714","17.21,23.824,-0.72,-7.946,-6.636,-13.34","18.182,26.08,-0.298,2.932,-5.724,-9.682","19.054,28.488,-1.082,-13.63,-8.358,-6.888","20.188,30.762,0.732,-11.286,-4.178,-6.208","21.226,34.66,2.484,-9.366,0.674,-3.612","22.436,35.824,4.05,-4.308,0.604,-4.194","24.238,31.726,4.924,-4.728,-2.478,-2.19","26.702,24.822,3.47,-6.748,-2.384,-0.408","28.112,17.702,3.312,-3.618,-0.418,0.858","27.752,13.228,3.834,-0.36,0.246,0.984","25.702,14.248,3.616,1.762,0.552,1.77","25.21,19.284,3.698,2.188,0.576,2.58","29.066,26.508,0.754,2.614,0.414,2.782","36.232,28.712,-1.908,2.244,0.154,3.054","39.226,24.42,-5.302,1.668,-0.062,2.666","39.226,8.09,-13.452,1.024,-0.43,2.556","32.588,-8.762,29.834,0.104,-0.89,2.81","10.202,13.448,-8.832,-0.862,-1.16,3.318","36.398,-33.002,5.708,-2.03,-1.078,3.362","12.5,-34.946,-4.478,-2.272,-0.894,3.244","-11.922,17.302,-9.404,-2.028,-0.92,3.138","8.808,35.844,-1.768,-1.53,-0.87,2.7","18.176,-3.278,-5.202,-1.324,-0.872,2.476","5.128,-22.04,-3.834,-1.448,-0.956,2.632","6.992,-9.164,-3.434,-1.992,-1.06,2.856","11.932,-4.834,1.012,-2.524,-1.196,3.084","5.764,-4.192,0.49,-2.972,-1.376,3.324","4.686,-3.152,2.176,-3.3,-1.528,3.462","2.424,-0.896,1.876,-3.422,-1.696,3.564","2.298,-1.304,2.286,-3.398,-1.832,3.622","3.112,-0.598,2.266,-3.29,-1.906,3.622","5.212,1.302,1.932,-3.128,-1.936,3.656","5.928,2.592,1.102,-3.014,-1.9,3.794","5.54,1.546,0.574,-2.91,-1.852,4.004"
"4.77,3.354,7.182,4.58,-3.862,1.942","4.574,1.908,7.23,4.776,-4.0,1.634","4.146,2.824,7.154,5.094,-4.154,1.306","4.476,4.544,7.61,5.36,-4.264,0.976","4.308,5.97,8.088,5.526,-4.462,0.596","4.268,7.302,7.952,5.624,-4.54,-0.172","4.584,7.79,7.204,5.548,-4.62,-1.378","4.732,8.206,6.08,4.988,-4.774,-2.99","4.85,8.874,5.012,3.874,-5.02,-5.18","4.854,9.738,4.178,2.514,-5.466,-7.258","4.85,10.718,3.486,1.072,-6.202,-8.582","4.762,11.512,2.742,-0.94,-7.106,-9.644","4.536,12.534,2.328,-2.806,-7.79,-10.332","4.39,13.55,1.968,-4.368,-8.3,-11.1","4.846,13.976,1.69,-5.892,-8.162,-13.12","5.59,15.418,0.93,-6.872,-7.72,-14.796","6.506,17.262,0.136,-8.728,-7.382,-14.67","8.308,20.528,0.924,-5.83,-5.604,-13.046","9.958,25.254,1.032,-6.854,-6.668,-10.428","10.874,30.582,1.68,-8.384,-5.43,-10.132","10.306,37.438,0.81,-5.124,-1.972,-9.154","9.568,38.558,1.526,-4.214,0.02,-5.412","10.63,38.504,2.078,-3.166,2.332,-4.576","14.948,38.52,1.622,0.018,1.94,-3.388","19.006,38.278,1.2,3.266,1.936,-0.926","20.198,31.326,1.082,2.258,1.788,-0.106","22.584,19.812,-2.504,0.17,1.102,0.568","23.688,12.76,-6.18,0.294,0.944,0.958","22.36,12.778,-5.044,0.764,0.97,1.354","26.01,19.976,-2.66,1.436,1.234,2.024","34.258,26.72,1.7,1.814,1.684,3.012","39.226,25.598,-4.394,1.816,2.074,3.61","39.226,4.872,-0.398,0.93,2.116,3.348","39.226,-1.104,12.134,-0.394,1.344,2.72","39.226,-16.76,6.158,-1.606,0.2,2.454","36.144,-37.896,19.38,-2.528,-0.542,2.662","7.632,-33.704,3.34,-2.972,-0.622,2.738","-4.91,-18.8,-11.468,-2.958,-0.264,2.764","5.888,2.134,-19.284,-2.726,0.146,2.942","2.15,18.452,-10.44,-2.458,0.324,3.106","-0.64,10.186,-3.488,-2.36,0.37,3.172","-1.078,-3.484,-4.244,-2.394,0.236,3.2","0.096,-11.764,-3.554,-2.582,0.028,3.27","2.7,-13.198,-3.0,-2.756,-0.16,3.358","5.652,-10.666,-2.724,-2.812,-0.22,3.454","4.058,-5.676,-3.718,-2.768,-0.158,3.642","-0.53,-1.708,-1.742,-2.668,-0.112,3.984","-4.5,0.696,-1.26,-2.686,-0.168,4.284","-6.03,1.678,-1.042,-2.84,-0.28,4.408","-4.326,1.962,-1.778,-3.048,-0.436,4.418"
"4.45,10.334,6.824,1.998,-2.764,1.878","4.542,10.084,5.374,2.042,-2.838,1.624","4.458,9.438,4.06,2.114,-2.806,1.34","4.37,10.04,3.532,2.144,-2.74,0.938","4.37,11.258,3.422,2.09,-2.736,0.412","4.194,11.99,2.984,1.92,-2.8,-0.422","4.32,11.878,2.324,1.84,-3.186,-1.738","4.504,11.364,1.76,1.606,-3.926,-3.368","4.666,10.856,1.258,0.792,-4.962,-4.95","4.838,10.918,1.204,-0.068,-6.444,-6.164","5.206,11.458,1.022,-0.63,-7.812,-7.054","5.6,11.716,0.664,-1.47,-8.77,-8.252","5.664,12.482,1.07,-2.478,-9.244,-9.892","5.99,13.564,1.212,-3.326,-9.272,-11.264","7.114,14.498,1.258,-4.284,-9.006,-12.16","9.196,15.23,1.46,-5.83,-8.502,-12.964","10.738,16.88,1.452,-6.954,-8.062,-13.952","11.508,19.95,1.224,-7.042,-7.156,-14.724","11.762,23.56,0.574,-6.26,-6.116,-14.294","10.548,28.71,-2.072,-2.102,-4.696,-10.144","9.396,35.27,-5.292,-3.06,-3.958,-3.032","10.362,38.558,-7.396,-5.34,0.692,-3.228","12.396,38.558,-9.24,-0.432,-0.302,-2.17","16.986,37.422,-7.258,2.612,-0.3,-0.354","24.268,29.076,-5.178,2.034,0.632,0.562","29.662,17.544,-1.234,-1.068,0.558,2.524","31.856,8.136,4.768,-0.116,0.664,3.608","33.662,2.988,9.214,0.248,0.692,3.306","33.164,-0.468,14.878,0.812,0.66,3.7","33.016,-2.214,18.41,1.126,0.54,4.396","34.496,2.16,15.218,0.548,0.41,4.348","36.982,9.304,12.616,-0.154,0.27,3.886","38.92,17.742,9.682,-0.53,0.096,3.548","36.648,20.206,0.882,-0.458,-0.152,3.404","38.534,-7.324,-3.384,-0.348,-0.526,3.348","19.082,-30.488,23.206,-0.762,-1.064,3.572","-7.986,-16.594,-18.414,-1.948,-1.624,3.726","3.24,10.966,-18.856,-3.266,-1.95,3.6","15.478,32.702,-8.806,-4.03,-2.042,3.424","16.058,14.648,4.03,-4.226,-1.936,3.226","8.418,-2.608,-4.734,-3.69,-1.652,3.21","5.77,-7.262,-0.638,-2.448,-1.224,3.408","11.314,-7.66,2.454,-1.202,-0.726,3.336","11.622,-5.808,2.578,-0.834,-0.41,3.182","8.188,-2.924,4.95,-1.29,-0.378,3.284","6.524,-0.18,4.758,-2.208,-0.614,3.384","8.284,1.444,3.246,-3.24,-1.02,3.294","10.136,3.31,0.25,-3.844,-1.356,3.204","9.666,7.678,-1.886,-4.108,-1.602,3.154","7.842,12.436,-2.038,-4.244,-1.742,2.996"
"2.642,7.536,4.192,2.476,-2.384,1.12","2.974,7.682,4.216,2.458,-2.476,0.788","3.342,8.14,4.362,2.532,-2.608,0.332","3.874,8.86,4.698,2.59,-2.712,-0.33","4.46,9.074,4.854,2.562,-2.808,-1.252","5.082,9.082,4.476,2.572,-3.01,-2.452","5.748,8.842,4.266,2.198,-3.266,-3.928","6.404,8.656,4.576,1.492,-3.686,-5.442","6.878,9.256,5.076,0.502,-4.39,-6.878","7.124,10.174,5.382,-0.832,-5.426,-8.198","7.422,10.972,5.236,-2.466,-6.304,-9.59","8.05,11.708,5.16,-4.316,-6.904,-10.796","8.694,12.69,5.624,-6.304,-7.258,-11.928","9.434,14.04,5.826,-8.384,-7.08,-13.0","10.648,15.504,5.492,-10.2,-6.706,-13.722","12.364,17.256,5.242,-11.462,-6.454,-14.15","13.494,20.074,4.71,-12.172,-6.05,-14.394","14.53,23.072,4.68,-12.168,-5.292,-14.452","15.35,26.448,4.494,-9.082,-4.206,-12.342","15.766,30.306,4.034,-6.928,-3.188,-8.836","16.514,33.768,4.56,-6.332,-2.196,-5.838","18.81,35.906,2.764,-7.784,-0.056,-4.168","20.82,35.78,2.33,-5.424,-0.094,-1.994","23.464,31.798,1.326,-2.16,0.654,-2.298","27.724,25.312,1.872,0.722,1.356,-0.318","32.062,19.246,1.336,-0.264,1.026,2.076","34.1,12.544,1.316,-0.478,1.002,2.344","35.016,7.272,2.532,1.032,1.198,2.108","37.966,5.278,2.966,2.362,1.094,2.096","39.226,3.51,3.082,3.1,0.9,2.546","39.226,2.208,2.536,3.09,0.772,3.018","39.226,2.846,4.532,2.98,0.59,3.296","38.63,0.664,6.73,2.37,0.28,3.284","38.484,-8.778,4.88,1.448,-0.172,3.036","37.348,-32.172,10.384,0.834,-0.616,2.878","13.092,-34.46,24.484,0.364,-0.93,2.888","0.566,-24.646,-5.696,0.018,-1.092,2.978","12.512,-7.37,-6.25,-0.074,-1.074,2.994","17.58,12.214,-7.894,0.038,-1.068,2.886","11.174,15.3,-1.652,0.078,-1.122,2.824","5.474,3.718,1.192,0.048,-1.204,2.804","4.83,-6.298,-2.328,-0.158,-1.278,2.72","5.642,-10.46,-1.02,-0.542,-1.404,2.62","6.494,-10.58,-2.024,-1.026,-1.556,2.614","6.938,-8.71,1.364,-1.48,-1.726,2.664","4.686,-5.934,0.798,-1.948,-1.922,2.676","3.528,-4.35,1.416,-2.436,-2.094,2.632","3.798,-2.586,1.258,-2.806,-2.248,2.538","4.824,-0.896,-0.884,-3.076,-2.374,2.466","5.906,-0.618,-2.074,-3.404,-2.514,2.386"
