"-7.222,-6.26,7.566,-6.292,1.16,-1.046","-7.132,-6.074,7.316,-8.426,1.324,-2.522","-6.726,-5.886,7.124,-10.308,1.908,-4.574","-6.128,-5.758,6.774,-9.532,3.034,-6.994","-5.528,-6.116,6.25,-5.374,4.162,-9.064","-5.108,-6.736,5.864,-1.522,5.388,-10.762","-4.836,-6.988,6.148,0.818,6.494,-13.098","-4.898,-7.136,6.542,2.996,7.186,-14.262","-5.028,-7.158,6.798,5.292,6.92,-15.868","-5.302,-6.916,6.966,8.764,5.88,-17.52","-5.918,-6.798,6.968,11.842,3.126,-18.91","-6.862,-6.828,7.228,13.944,-0.436,-19.572","-8.854,-6.928,9.076,15.222,-4.408,-20.37","-12.116,-9.2,12.534,8.078,-1.754,-15.75","-15.844,-13.274,15.468,19.394,-6.31,-9.552","-19.724,-18.674,17.102,13.244,-1.34,-11.682","-23.064,-25.39,18.062,13.11,-0.174,-5.3","-25.274,-31.726,18.24,10.948,0.77,-3.57","-25.622,-36.158,17.028,19.132,-3.892,0.81","-25.748,-37.256,15.598,15.762,-5.706,3.672","-25.496,-36.548,14.79,4.732,-2.396,2.41","-24.284,-39.158,13.112,0.362,-3.192,2.88","-26.48,-39.226,8.47,0.454,-2.902,1.454","-32.546,-39.226,-2.742,0.342,-3.094,1.592","-35.746,-39.226,-7.326,-1.36,-1.162,1.156","-37.356,-33.876,-11.968,-3.806,0.664,0.344","-38.794,-28.342,-12.056,-4.512,3.028,1.48","-38.794,-16.676,-5.522,-4.26,4.408,1.364","-38.758,-3.536,5.266,-2.882,5.262,1.14","-38.794,1.748,15.322,-2.0,5.912,1.298","-38.794,14.766,9.81,-1.244,5.494,0.896","-38.792,26.428,-3.21,-1.546,5.704,0.716","-32.954,-3.78,-3.134,-1.352,5.468,0.888","-30.682,26.768,-29.214,0.53,4.672,2.344","-28.422,38.704,-4.158,1.138,4.956,2.816","-8.292,31.722,-24.192,0.74,4.908,0.572","-23.062,-4.938,14.392,1.372,4.668,0.702","-38.794,-35.346,-27.882,3.236,3.088,0.826","-27.436,8.052,-17.614,4.576,2.32,0.606","-13.876,38.704,13.758,5.14,2.392,0.58","-12.7,13.018,9.136,5.228,2.43,0.274","-21.27,-9.122,3.868,4.74,2.636,-0.108","-8.678,-15.972,-9.258,4.31,2.726,-0.158","5.802,4.158,-8.244,5.422,2.798,-0.056","6.486,13.624,-9.636,7.522,1.368,-0.238","20.502,6.982,-12.076,6.148,1.244,-0.748","16.516,7.66,-9.512,3.25,2.064,-1.796","8.006,7.84,-9.462,1.398,2.298,-1.464","1.014,13.54,2.276,1.636,2.944,-0.596","-5.954,7.712,5.954,2.172,2.692,-0.524"
"-8.71,-5.048,8.254,-4.19,-0.848,-0.692","-8.512,-4.988,7.886,-5.088,-0.77,-1.902","-8.232,-4.83,7.51,-6.386,-0.138,-3.714","-7.95,-4.874,7.014,-6.706,1.534,-6.474","-7.636,-5.47,6.536,-3.97,2.508,-9.236","-7.312,-6.572,5.782,-0.94,2.942,-11.718","-6.472,-7.91,6.19,1.294,3.702,-13.032","-6.978,-7.282,6.752,3.06,3.576,-14.542","-7.788,-6.874,6.464,5.128,3.256,-15.844","-8.402,-7.3,5.994,7.436,2.048,-16.514","-8.874,-8.168,6.034,8.416,-0.3,-16.844","-9.538,-9.204,6.244,8.45,-2.62,-16.69","-11.178,-10.11,7.716,7.962,-3.268,-16.286","-13.438,-11.644,9.628,7.946,-2.338,-13.248","-16.89,-13.92,10.892,8.54,-2.79,-8.694","-21.498,-16.45,11.698,6.376,1.668,-7.082","-24.952,-20.828,12.004,7.278,3.662,-6.562","-26.55,-25.908,11.638,15.456,1.16,-3.812","-26.518,-29.592,11.562,19.668,-4.122,2.6","-25.394,-31.158,9.742,11.818,-3.624,-0.246","-21.548,-34.054,7.526,1.596,-1.654,-0.06","-19.774,-33.192,5.566,-1.402,-0.548,0.208","-21.626,-33.156,1.252,-1.14,-0.524,0.788","-18.704,-39.226,-13.024,-1.12,-0.07,1.444","-24.958,-37.678,-15.036,-1.558,0.926,1.48","-28.7,-28.936,-10.002,-3.004,3.086,2.486","-31.076,-19.338,-7.106,-3.602,4.816,2.912","-37.928,-4.902,-4.804,-1.698,4.802,2.206","-38.794,5.352,2.996,0.21,4.542,2.558","-38.722,18.08,11.846,-0.118,4.646,2.302","-38.762,30.768,9.024,-1.57,5.062,1.866","-38.794,34.406,3.878,-1.338,4.948,2.264","-32.064,26.674,-12.822,0.006,4.564,1.552","-36.93,38.704,-39.196,1.778,4.18,1.136","-20.012,38.704,-7.824,3.32,4.096,2.184","-3.076,8.914,26.024,5.104,3.778,2.088","-33.516,-38.378,-22.798,5.188,3.266,0.378","-38.794,-20.992,-39.196,4.08,3.118,-0.206","-36.806,38.704,-12.352,3.296,3.152,0.084","-17.82,37.42,13.698,3.586,2.91,0.12","-8.792,9.976,10.34,4.246,3.054,0.388","-7.822,-13.02,-1.358,4.592,3.318,0.318","-2.05,1.844,-3.566,4.328,3.592,-0.058","0.082,10.652,-3.768,3.848,3.87,-0.04","7.604,12.468,2.142,4.198,4.188,0.174","9.052,11.102,5.316,5.732,3.542,0.102","-1.21,5.602,3.87,5.184,3.274,-0.16","-4.508,1.612,5.88,3.104,3.77,-0.954","-5.254,8.332,11.328,1.214,3.89,-0.936","-2.72,14.262,16.416,0.774,4.164,-0.114"
"-6.566,-5.378,5.508,-8.326,3.848,-7.194","-6.962,-5.592,4.738,-7.198,6.114,-9.648","-7.072,-6.314,4.59,-3.702,7.084,-11.524","-7.502,-6.744,4.788,0.242,7.64,-12.756","-8.642,-6.456,5.104,2.564,7.764,-13.974","-9.922,-5.844,5.712,3.938,7.444,-16.0","-10.888,-6.242,6.112,5.89,6.534,-17.22","-11.874,-7.832,6.614,7.726,4.178,-18.424","-13.89,-9.45,7.382,9.34,2.096,-19.152","-16.742,-11.46,8.518,11.152,0.894,-18.826","-20.064,-14.158,9.3,6.132,2.64,-13.916","-22.73,-18.0,9.996,13.5,-0.576,-6.616","-24.97,-22.016,10.71,8.388,4.542,-9.448","-26.906,-23.924,12.752,15.258,-0.104,-2.204","-28.076,-25.41,15.828,15.82,-2.804,0.694","-27.674,-30.69,16.626,23.424,-1.656,2.348","-25.632,-35.91,12.466,22.02,-3.148,5.976","-22.306,-39.226,6.55,9.538,-4.688,4.488","-17.066,-39.226,0.808,-5.226,-0.174,0.43","-11.11,-39.226,-5.22,-6.708,0.272,1.938","-13.548,-39.226,-8.462,-2.584,-1.338,4.464","-24.748,-39.226,-10.57,-1.204,-0.648,6.004","-36.64,-37.378,-12.17,-4.272,1.708,4.838","-38.15,-26.668,-4.352,-5.13,2.806,2.456","-38.45,-7.658,8.824,-3.592,3.53,4.964","-38.794,0.16,18.498,-0.45,3.502,4.446","-38.794,7.908,25.208,0.976,4.014,4.276","-38.784,26.976,22.958,1.064,4.572,4.822","-38.794,38.298,9.932,1.078,5.134,5.49","-38.556,8.498,2.57,0.266,5.238,3.352","-38.446,32.956,-28.624,1.056,5.37,2.448","-28.162,38.704,17.988,3.482,4.324,2.272","5.998,0.134,-10.19,5.942,2.944,1.588","-15.23,-39.226,-4.332,6.322,2.78,1.49","-14.686,-28.39,-33.39,5.438,2.868,1.04","2.362,-23.908,-34.368,4.586,3.158,0.89","-26.582,30.2,-14.932,4.312,3.37,1.114","-27.878,38.704,23.414,5.462,3.34,0.828","10.494,2.186,9.082,8.594,1.64,0.178","0.336,-34.116,-13.288,9.222,0.84,-0.464","-16.366,-0.344,-4.678,7.174,1.44,-1.326","-3.458,20.832,7.642,4.956,1.72,-1.168","-2.144,29.292,-0.638,3.75,1.958,-0.418","0.468,14.458,-2.022,2.982,2.09,0.316","-10.568,-4.854,-4.306,2.842,2.41,0.542","-10.842,3.354,0.93,3.534,2.206,0.178","-5.272,7.566,6.086,4.986,1.67,0.064","-3.126,0.256,7.472,6.198,1.284,0.012","-16.368,7.062,13.932,6.006,1.296,0.152","-13.526,3.776,13.552,4.696,1.594,0.146"
"-3.992,0.708,10.374,-7.728,3.9,-10.46","-4.428,0.774,9.828,-6.476,3.814,-13.504","-4.708,-1.316,9.068,-3.588,2.584,-13.848","-4.354,-4.986,9.608,-1.872,1.582,-15.48","-4.744,-7.34,10.88,-0.456,1.348,-16.604","-5.952,-9.232,12.656,1.334,-0.056,-17.888","-7.288,-11.42,15.156,2.448,-1.356,-18.83","-8.536,-13.738,17.074,-2.35,-3.58,-23.226","-9.968,-15.448,19.624,-1.53,-1.71,-18.328","-11.376,-15.578,21.866,5.654,0.156,-20.876","-12.46,-15.876,22.32,11.14,-0.058,-15.306","-14.412,-17.414,23.052,16.294,-2.892,-12.176","-15.638,-18.364,25.514,18.754,-2.574,-8.934","-15.698,-22.564,28.05,22.978,-3.482,-4.64","-11.676,-28.676,27.972,20.97,-4.272,-1.192","-14.132,-31.314,26.398,17.702,-7.008,2.334","-8.212,-39.226,14.584,11.544,-9.502,4.364","-14.572,-39.226,4.812,1.926,-5.504,2.198","-22.302,-34.204,18.556,0.832,-6.376,2.514","-30.818,-29.23,24.966,2.504,-8.586,3.432","-38.794,-32.016,18.706,3.138,-8.37,3.326","-38.794,-37.616,17.048,1.512,-6.926,4.39","-38.628,-19.554,25.816,-0.356,-4.744,3.772","-38.794,-12.364,35.706,0.06,-4.95,1.546","-38.794,-12.092,25.242,1.318,-3.894,2.466","-38.79,0.684,8.156,-0.02,-2.438,2.09","-38.794,11.8,-11.04,-1.058,-1.938,1.71","-31.756,-9.962,-11.942,-2.38,-1.138,2.258","-37.888,30.88,-12.276,-1.722,-1.17,2.372","-38.794,23.97,-24.04,-2.164,-0.496,2.582","-38.69,25.618,-37.766,-2.42,0.13,2.842","-37.056,19.054,-25.152,-1.78,0.85,2.988","-19.636,1.496,-37.818,-1.514,1.918,2.316","-17.176,-4.12,-23.47,-1.35,2.342,1.048","-21.688,1.496,-34.736,-0.088,2.484,1.088","-31.056,31.34,-20.936,1.492,2.454,1.37","-31.726,38.704,26.474,2.19,2.652,1.366","-18.128,5.256,5.07,2.148,2.972,1.142","-29.002,-13.7,-9.708,1.796,3.68,1.056","-29.162,-5.918,-17.348,0.622,4.494,0.636","-10.834,-0.924,-16.514,0.08,4.864,0.084","-2.508,3.526,-18.598,0.426,4.654,-0.162","-6.334,-1.564,-28.8,1.194,4.268,-0.404","7.646,-9.794,-29.642,1.932,4.006,-0.516","7.284,1.012,-22.252,2.086,3.81,-0.48","0.508,13.5,-20.122,1.672,3.784,-0.694","-1.798,10.3,-14.334,1.276,3.774,-1.136","-6.174,3.412,-23.236,1.172,3.644,-1.616","-0.846,-0.264,-22.318,1.242,3.398,-2.178","7.386,-4.308,-21.838,1.302,3.038,-2.748"
"-8.728,-2.54,9.504,-6.856,0.708,-8.29","-9.302,-2.372,9.966,-10.536,3.192,-11.426","-10.192,-2.508,10.862,-10.63,5.148,-14.166","-11.192,-3.272,11.778,-6.728,4.924,-14.776","-12.294,-4.304,12.276,-3.302,4.868,-15.878","-13.266,-5.71,12.7,-0.534,4.218,-16.98","-14.294,-6.568,13.644,1.47,3.34,-18.072","-15.98,-7.338,14.806,2.644,1.796,-19.156","-17.824,-8.45,17.28,2.776,0.758,-20.806","-19.87,-9.548,19.57,-4.328,0.888,-23.174","-21.578,-11.726,21.69,8.158,3.484,-18.22","-22.162,-14.118,24.22,17.448,1.79,-15.364","-22.886,-14.59,26.254,24.624,-1.42,-9.134","-22.928,-13.072,30.604,23.2,-4.562,-2.98","-21.86,-10.858,34.98,23.174,-3.59,-0.312","-21.486,-9.762,35.65,16.598,-1.504,1.43","-18.258,-18.498,33.298,15.328,-8.014,6.26","-13.806,-30.938,23.662,8.876,-10.096,4.972","-10.366,-39.226,17.358,-2.23,-3.842,2.848","-16.076,-34.678,20.2,-1.922,-6.936,2.556","-31.908,-9.092,22.47,1.874,-9.074,4.15","-32.944,-15.146,13.072,1.316,-6.382,5.296","-29.436,-34.756,6.882,-0.804,-4.46,4.662","-38.794,-14.706,12.164,-0.716,-4.486,2.8","-35.482,-8.242,21.858,-3.134,-3.044,2.684","-33.28,-0.684,21.27,-2.966,-1.726,1.986","-34.486,5.362,6.086,-3.452,-1.382,2.126","-38.794,19.342,-0.014,-1.798,-2.11,1.74","-38.258,7.064,-7.934,-1.52,-1.972,2.462","-33.976,7.588,-9.442,-1.9,-1.508,2.57","-38.794,20.844,-16.98,-2.002,-0.812,2.998","-38.794,17.67,-35.538,-1.886,0.02,3.316","-26.488,14.584,-35.508,-2.036,-0.072,2.266","-1.564,32.956,-34.272,-1.926,0.346,1.996","13.208,-1.932,10.81,-1.02,0.214,1.914","-12.656,-25.548,-19.976,0.424,0.284,2.14","-38.794,36.954,-8.022,1.2,0.278,2.36","-23.196,38.704,38.648,1.564,0.306,2.064","-11.94,-0.786,3.458,2.096,0.816,1.56","-17.758,-33.16,-6.548,2.792,1.438,1.57","-16.306,-4.364,-11.59,3.114,2.326,1.424","3.728,-3.142,-14.582,3.518,3.292,0.874","10.234,-2.694,-23.706,4.022,3.478,0.424","22.904,-9.426,-17.668,4.644,3.162,-0.034","18.91,1.368,-15.232,5.068,2.992,-0.34","1.924,11.696,-9.622,4.884,2.854,-0.386","-6.87,-0.056,-13.7,4.334,2.8,-0.52","-4.826,-0.424,-12.432,3.972,2.834,-0.788","-3.43,8.372,-12.43,3.992,2.828,-0.992","2.842,3.116,-13.336,4.15,2.684,-1.282"
"-8.318,-4.758,7.442,-10.396,1.258,-6.382","-7.454,-5.602,7.92,-8.72,2.738,-8.7","-7.892,-5.396,7.348,-5.992,4.484,-10.336","-8.484,-5.628,6.518,-3.376,5.774,-12.14","-9.41,-6.558,6.27,-0.146,6.36,-14.276","-9.956,-7.834,6.434,2.96,6.274,-15.444","-10.494,-9.228,7.418,5.028,4.788,-17.422","-11.65,-10.376,7.842,6.304,2.71,-19.134","-12.95,-11.982,8.548,8.512,-0.092,-20.268","-14.396,-13.648,10.066,3.882,-2.672,-21.88","-16.986,-14.644,11.898,11.114,-3.412,-14.728","-20.102,-16.614,12.876,12.402,-3.372,-14.502","-22.17,-20.886,13.506,11.39,-1.33,-8.404","-22.772,-27.268,14.716,11.9,-3.922,-4.146","-23.038,-33.85,18.172,11.33,-1.424,-7.092","-23.702,-37.664,21.566,13.764,-3.184,-4.402","-25.446,-39.226,21.394,19.442,-8.504,1.07","-27.588,-39.226,17.662,13.016,-8.186,-0.538","-26.468,-39.226,18.578,3.562,-5.004,-0.82","-24.348,-39.226,20.23,-0.276,-4.102,-0.378","-27.566,-37.248,4.82,0.06,-4.114,0.164","-31.804,-36.278,-5.304,1.52,-4.334,0.74","-34.392,-35.21,-3.28,0.606,-3.244,1.338","-38.794,-25.472,-2.418,-1.802,-1.066,1.12","-38.794,-22.458,6.364,-1.944,0.436,1.534","-38.702,-10.554,11.604,0.01,1.208,1.318","-38.794,3.506,16.976,1.36,2.366,1.492","-38.794,10.502,18.53,1.678,3.008,1.516","-38.296,5.586,10.446,0.164,4.022,1.83","-33.632,3.824,-8.01,-1.404,4.986,1.578","-33.932,38.704,-10.578,-0.99,5.54,2.042","-19.918,33.918,-18.584,0.418,5.714,2.654","-24.252,32.668,-27.576,1.268,5.976,2.148","-32.568,27.746,16.064,2.226,5.988,1.268","-20.74,-32.346,10.39,2.536,5.528,0.894","-34.354,-28.512,-39.196,2.35,4.988,0.674","-35.114,36.778,-21.548,1.654,4.842,0.298","-3.7,38.704,2.186,1.244,4.718,0.018","6.984,11.218,6.79,1.652,4.322,-0.07","-2.234,-3.682,-3.518,2.572,3.664,-0.344","-5.904,-3.72,-9.888,3.564,3.016,-0.692","-0.032,7.412,-7.228,4.434,2.578,-0.84","10.442,14.334,-8.216,4.58,2.342,-0.954","15.302,8.14,-10.51,3.846,2.4,-1.136","14.206,-6.362,-13.162,2.882,2.45,-1.416","9.632,8.484,-12.152,2.566,2.498,-1.636","9.598,3.9,-11.564,2.802,2.654,-1.71","11.244,6.818,-6.844,3.146,2.88,-1.648","8.008,15.358,-3.474,3.61,3.056,-1.622","8.144,5.938,-3.438,4.01,3.204,-1.682"
"-2.478,-0.48,6.35,-8.048,1.34,1.54","-3.112,0.404,6.534,-8.156,1.404,1.128","-3.778,2.652,7.36,-6.948,1.632,0.316","-3.518,2.718,7.872,-5.448,2.002,-1.656","-3.35,2.336,7.822,-3.692,2.442,-3.314","-3.314,1.52,7.56,-2.234,2.508,-4.92","-3.512,0.786,7.072,-3.058,2.7,-7.514","-3.556,0.488,6.712,-4.726,3.006,-9.652","-3.378,0.354,6.366,-5.148,3.692,-11.202","-3.402,0.16,6.46,-4.394,5.228,-11.982","-3.942,-0.116,7.292,-1.512,6.15,-12.37","-4.818,-0.71,8.696,1.554,6.406,-11.768","-5.784,-1.652,9.7,4.246,5.708,-11.204","-6.634,-3.384,10.048,6.25,4.542,-9.924","-7.714,-5.77,10.46,5.486,3.098,-8.354","-9.372,-7.812,11.372,4.154,2.88,-7.794","-11.328,-9.76,13.45,4.65,4.202,-8.488","-13.484,-11.69,15.838,8.428,2.472,-6.952","-15.418,-13.746,16.532,13.104,-0.528,-5.254","-15.73,-18.6,15.218,12.842,-0.77,-4.256","-13.908,-24.734,11.444,9.954,-1.166,-1.46","-11.494,-27.25,6.306,6.902,-0.966,0.104","-13.13,-30.696,3.058,1.486,0.588,0.158","-10.366,-39.226,0.744,-0.24,-0.678,0.88","-7.762,-39.226,-1.054,-0.558,-1.784,1.632","-9.916,-33.672,7.252,-1.152,-1.424,1.958","-8.286,-27.14,12.0,-1.634,-1.14,2.126","-10.108,-17.752,9.158,-0.698,-1.898,1.94","-15.996,-1.828,1.86,0.274,-1.732,1.978","-22.798,10.858,3.386,0.214,-0.788,1.73","-26.678,18.11,13.028,0.316,-0.2,1.458","-28.702,25.226,13.698,0.392,0.306,1.424","-30.074,32.796,17.44,0.32,0.518,1.182","-29.164,30.6,17.896,0.572,0.412,0.808","-35.862,35.69,16.534,0.984,0.186,0.496","-31.54,15.87,14.416,0.808,0.112,0.526","-23.432,-32.052,3.116,0.302,0.376,0.86","-32.758,-32.1,-14.184,0.224,0.446,0.808","-35.564,-9.186,-3.292,0.556,0.414,0.718","-20.188,-5.624,-3.054,1.204,0.322,0.652","-20.704,17.322,-6.452,1.91,0.27,0.664","-20.404,34.754,12.512,2.198,0.246,0.634","-17.25,23.588,14.468,2.258,0.3,0.528","-23.68,5.358,18.336,2.458,0.418,0.49","-17.376,11.15,18.22,2.766,0.596,0.394","-7.888,11.252,16.734,3.046,0.84,0.264","-11.636,3.256,10.76,3.526,1.068,0.168","-8.068,2.504,3.17,4.296,1.212,0.042","-0.218,3.462,3.048,4.81,1.462,-0.112","3.872,1.302,1.8,4.71,1.778,-0.298"
"-3.628,-4.058,3.658,-7.448,2.138,-1.704","-3.392,-3.498,4.22,-8.592,3.168,-3.688","-3.424,-3.082,4.642,-8.67,4.808,-6.55","-3.786,-3.368,4.94,-5.644,6.004,-8.942","-4.156,-4.018,4.706,-1.54,6.402,-10.852","-4.334,-4.654,3.904,1.396,7.056,-12.314","-4.478,-5.178,3.386,2.976,7.086,-13.68","-4.798,-5.37,3.902,4.832,6.886,-15.152","-5.112,-4.998,5.19,8.778,5.706,-16.172","-5.772,-4.788,6.616,13.736,3.594,-17.334","-7.218,-6.176,8.008,17.026,1.674,-17.056","-9.458,-8.836,8.996,14.788,-2.07,-13.294","-12.192,-12.19,9.384,13.12,-2.732,-8.66","-15.088,-16.05,9.408,17.56,1.944,-6.098","-17.548,-20.574,9.934,21.738,1.392,-2.21","-19.63,-25.49,11.32,21.994,-1.408,1.084","-20.4,-29.548,12.176,16.668,-5.434,3.362","-20.916,-33.506,12.25,0.278,0.472,-0.19","-18.926,-39.184,10.72,-7.24,2.412,2.39","-13.592,-39.226,5.73,-5.08,1.358,2.8","-9.938,-39.226,1.334,0.904,-3.106,2.63","-9.826,-39.226,0.434,-0.106,-2.964,2.554","-15.516,-39.226,-5.796,-6.156,2.46,2.018","-29.156,-39.226,-12.608,-7.062,5.234,1.512","-38.418,-32.702,-13.106,-3.38,4.134,3.268","-38.58,-19.464,-4.976,-1.188,5.514,2.14","-38.766,-3.42,5.166,-0.112,6.86,2.226","-38.784,1.422,12.122,1.116,5.566,2.052","-38.78,12.214,11.36,0.4,5.426,1.126","-38.782,29.124,5.666,-0.378,5.374,0.992","-38.784,31.704,-17.686,0.918,4.236,1.998","-38.784,37.942,-31.59,2.18,3.74,1.84","-18.554,26.076,-9.796,2.896,3.652,0.04","5.668,-18.96,-27.08,3.954,3.254,0.432","-23.302,-39.226,-39.226,5.772,1.416,0.658","-37.894,7.976,-36.906,6.72,0.55,0.26","-32.182,38.704,12.21,6.586,0.484,-0.188","-12.026,31.074,27.032,5.844,0.372,-0.532","-29.296,-7.614,13.712,4.334,0.86,-0.476","-34.392,-20.32,-8.466,2.568,1.756,0.006","-32.648,9.748,2.766,3.38,1.756,0.128","-1.288,28.546,11.372,5.718,0.0,-0.018","17.742,17.332,-1.532,5.018,0.3,-0.372","16.302,-13.062,-11.0,3.392,0.944,-0.704","-0.854,3.128,-4.334,3.12,1.482,0.014","-2.43,13.458,7.964,3.994,1.008,0.184","-6.556,-1.514,5.628,4.498,0.526,0.588","-12.784,11.016,16.138,3.984,0.878,0.974","-14.412,11.976,20.52,2.946,0.972,0.648","-13.81,0.034,20.586,2.22,0.824,0.38"
"-3.574,-8.888,6.058,-10.008,1.682,-5.164","-3.252,-9.708,5.344,-8.212,3.87,-7.104","-3.306,-8.996,5.234,-5.68,5.642,-8.54","-3.728,-7.594,6.158,-3.056,7.082,-10.104","-4.288,-7.096,7.078,-0.368,8.08,-11.848","-5.014,-8.044,7.924,1.73,8.442,-13.296","-5.82,-8.992,8.68,3.414,8.15,-15.322","-6.948,-9.282,9.28,4.956,6.812,-17.456","-8.36,-9.53,10.032,5.93,4.548,-19.238","-10.418,-10.794,11.454,7.754,3.312,-20.668","-13.876,-13.046,13.448,11.75,3.346,-20.296","-18.434,-14.956,15.644,14.79,-0.464,-15.516","-23.478,-17.83,17.564,18.642,-1.236,-11.3","-27.11,-22.718,19.504,18.258,0.294,-7.268","-29.374,-28.712,22.276,19.796,-1.558,-1.926","-30.694,-33.52,24.012,21.552,-3.244,1.406","-30.536,-34.314,22.822,23.276,-7.85,6.614","-29.62,-35.278,19.222,9.534,-6.526,5.36","-25.718,-39.148,14.468,-3.206,-1.354,3.796","-21.434,-39.226,6.168,-5.916,-1.708,3.014","-17.912,-39.226,-6.346,-0.918,-4.446,4.264","-17.62,-39.226,-8.812,-0.594,-4.258,6.098","-24.614,-39.09,-7.85,-5.086,-0.61,7.098","-34.128,-34.848,-12.402,-7.692,0.854,6.112","-38.234,-28.628,-7.088,-5.316,0.84,2.644","-38.376,-17.526,10.516,-2.41,1.626,5.554","-38.784,-9.202,22.096,0.412,1.584,5.082","-38.784,-2.486,28.062,1.212,2.908,4.462","-38.774,14.274,27.768,1.22,3.912,5.378","-38.784,20.88,13.054,1.638,4.724,5.746","-38.784,6.688,-15.706,0.66,4.984,4.214","-38.784,36.156,-33.19,-0.166,5.252,3.042","-26.058,31.8,-15.056,-0.458,5.252,2.282","-2.524,-0.468,-9.686,0.582,4.344,2.062","-17.968,-34.688,-15.954,1.46,4.04,1.99","-18.106,-8.684,-39.226,2.736,3.8,1.532","-26.516,38.704,-9.334,4.466,3.182,1.296","-13.884,38.704,21.174,5.694,2.59,1.292","-15.342,1.126,8.988,5.878,2.55,0.962","-9.566,-36.228,-13.752,5.728,2.352,0.536","-18.218,-6.838,-7.092,5.72,1.648,0.136","0.396,24.422,5.26,4.946,1.276,-0.718","9.262,12.232,-0.78,4.16,1.254,-1.16","-0.032,12.72,-11.362,4.416,1.082,-0.808","7.574,2.26,-9.404,4.524,0.976,-0.452","-7.714,-5.042,-12.048,4.256,0.898,-0.616","-8.036,6.286,-5.57,4.184,0.624,-0.926","-1.106,3.538,-0.83,4.042,0.432,-1.19","1.32,-6.626,-1.944,3.66,0.502,-1.388","-4.158,-4.35,-0.318,3.36,0.638,-1.392"
"-7.27,-5.932,6.928,-9.85,2.382,-6.728","-8.282,-6.366,6.816,-10.94,3.938,-10.106","-9.208,-6.858,6.984,-10.446,6.16,-13.248","-9.76,-7.046,7.612,-6.43,6.958,-14.984","-10.552,-6.372,8.732,-2.446,6.506,-16.97","-11.356,-5.738,9.518,0.614,5.984,-18.424","-12.334,-6.674,9.834,3.896,4.152,-18.86","-13.6,-8.942,9.578,7.282,2.204,-19.156","-15.608,-11.392,9.842,10.24,-0.176,-18.624","-18.622,-12.856,12.206,5.412,-3.298,-19.24","-21.082,-13.522,15.432,9.1,0.278,-15.274","-22.368,-15.996,17.714,14.154,-0.344,-15.438","-23.218,-19.726,19.326,17.716,-0.91,-11.3","-23.514,-23.138,21.948,19.44,-3.92,-7.3","-23.708,-27.066,25.868,19.192,-2.922,-6.828","-23.508,-30.846,28.618,19.12,-4.992,-2.398","-23.13,-31.336,28.016,15.486,-8.384,3.2","-22.988,-31.396,23.996,8.556,-6.908,2.164","-19.266,-37.472,18.938,5.114,-7.708,2.956","-13.818,-39.226,11.916,4.606,-8.644,2.984","-24.782,-38.392,10.892,3.86,-8.224,3.348","-38.784,-34.266,12.46,2.132,-6.182,4.442","-38.784,-39.226,7.758,0.87,-5.034,4.434","-38.582,-34.784,13.968,1.262,-5.338,2.822","-38.76,-17.186,21.866,0.89,-4.47,2.434","-38.784,-4.83,26.854,-0.466,-2.776,2.638","-38.78,13.276,23.954,-0.186,-2.848,2.938","-38.782,17.796,8.296,-0.704,-1.364,2.26","-38.784,17.838,-7.584,0.108,-1.882,1.8","-33.258,18.802,-14.648,-0.662,-1.148,2.494","-38.074,19.276,-26.948,-1.422,-0.46,2.432","-38.508,-5.016,-33.266,-1.914,0.108,2.62","-38.732,-1.952,-37.014,-1.274,0.612,2.932","-37.122,23.874,-11.952,-1.042,0.958,2.146","-18.01,-2.614,-14.218,-1.012,0.942,1.748","-17.884,15.04,-14.224,-0.486,0.984,1.508","-33.98,38.704,13.678,0.65,0.956,1.374","-21.14,18.16,16.39,1.622,1.142,1.452","-21.812,-3.998,3.074,2.104,1.248,1.388","-17.444,-6.47,-3.056,2.356,1.578,1.328","-6.276,-3.11,-5.276,2.66,1.768,1.298","-2.02,-3.306,-12.788,2.972,1.858,1.27","2.418,-6.85,-22.034,3.164,1.878,1.128","12.188,-7.526,-20.936,3.286,1.888,0.912","14.234,-0.088,-17.444,3.358,2.024,0.726","5.406,3.164,-20.224,3.42,2.316,0.674","0.244,9.536,-14.6,3.522,2.604,0.71","-3.196,4.514,-19.524,3.596,2.784,0.688","2.128,2.454,-14.784,3.722,2.818,0.536","2.042,7.82,-14.698,4.008,2.792,0.274"
"-8.812,-5.876,7.984,-6.598,1.532,-7.096","-8.788,-5.596,7.816,-7.678,3.066,-9.794","-9.116,-5.132,8.668,-7.154,5.534,-12.866","-9.684,-5.404,10.166,-4.268,5.524,-13.894","-10.792,-5.722,11.62,-1.234,5.378,-14.958","-12.36,-6.362,12.858,1.32,4.506,-15.964","-13.728,-7.714,13.912,3.756,2.676,-17.356","-14.814,-9.914,15.3,5.234,0.248,-18.888","-15.936,-11.94,16.526,5.992,-1.24,-19.792","-17.374,-13.84,18.096,-1.028,-3.282,-21.536","-18.632,-15.794,20.2,7.762,1.62,-18.25","-20.298,-17.356,22.022,15.646,1.494,-15.914","-22.198,-19.306,25.04,20.706,-0.288,-11.184","-23.426,-21.74,28.542,20.038,-2.682,-6.372","-23.564,-23.794,31.264,22.11,-2.406,-2.52","-22.276,-25.45,31.526,16.754,-2.16,1.394","-20.726,-25.354,26.268,9.35,-3.08,6.738","-20.726,-20.906,17.196,5.714,-2.792,5.464","-12.122,-33.68,11.636,3.728,-3.186,5.468","-5.168,-39.226,8.526,3.284,-5.064,4.842","-22.17,-35.86,14.774,1.808,-5.004,4.336","-28.1,-21.512,3.818,-1.442,-2.642,5.33","-23.374,-36.588,-4.1,-3.796,0.058,6.176","-36.48,-20.74,7.616,-2.058,0.116,2.962","-38.784,-10.046,23.772,0.076,1.028,3.184","-37.138,-0.346,26.384,-0.534,3.362,2.828","-38.784,11.192,17.546,-2.124,4.458,2.926","-38.784,21.304,11.466,-0.56,5.254,2.06","-38.75,24.182,-9.008,-0.664,5.44,1.722","-37.06,26.83,-15.24,-1.09,6.166,1.802","-38.784,6.646,-17.148,-1.2,6.74,2.378","-38.784,9.602,-35.684,1.408,6.276,3.334","-38.728,7.014,-38.168,3.672,6.038,3.674","-29.576,35.776,-37.95,2.562,5.556,1.292","-0.28,29.886,-16.254,1.868,5.724,0.57","6.742,21.198,6.05,2.798,4.912,0.982","-28.0,35.008,-0.722,4.732,3.6,0.818","-31.044,2.144,16.434,5.608,3.128,0.532","-27.376,-8.334,1.404,5.69,2.59,-0.004","-10.094,-2.45,1.972,5.086,1.908,-0.576","2.374,6.39,-0.082,3.898,1.77,-0.68","15.434,1.204,-7.966,2.996,2.308,-0.6","13.236,-5.4,-19.24,4.04,1.75,-0.496","28.898,-10.518,-21.582,4.122,1.404,-0.364","33.048,2.088,-12.862,2.678,1.65,-0.666","13.878,14.492,-8.398,1.64,2.028,-0.712","6.64,8.068,-9.312,2.172,2.23,-0.414","5.424,3.094,-3.646,3.426,1.468,-0.15","6.102,12.552,3.276,4.122,1.018,0.004","2.984,7.588,8.344,4.324,1.026,-0.116"
"-7.818,-0.836,5.772,-3.436,0.63,0.126","-7.838,-1.346,5.776,-4.66,0.088,-0.6","-7.674,-1.976,5.62,-5.884,-0.194,-1.822","-7.794,-2.91,5.724,-6.342,-0.246,-3.924","-7.998,-3.61,5.682,-4.594,-0.014,-6.102","-8.122,-3.79,5.744,-1.746,0.404,-8.272","-8.274,-4.198,5.942,-0.564,1.142,-10.624","-8.31,-4.906,5.992,-0.756,2.334,-13.122","-8.632,-5.504,6.07,-0.578,3.364,-14.704","-9.208,-5.808,6.154,-0.166,3.504,-16.436","-9.784,-6.0,6.24,0.716,3.176,-17.726","-10.33,-5.906,6.214,1.958,1.592,-19.01","-11.036,-6.25,6.494,2.33,0.104,-20.348","-12.692,-7.204,7.672,2.028,-3.692,-19.72","-15.592,-8.202,9.44,-4.0,-5.018,-18.754","-18.952,-9.852,11.316,-2.972,-0.294,-17.322","-22.934,-12.556,13.864,1.332,2.078,-13.854","-27.576,-16.488,17.522,9.406,-0.134,-9.696","-31.086,-21.1,20.612,11.322,-3.576,-6.544","-34.974,-24.85,22.204,9.86,-3.522,-3.92","-36.81,-27.464,26.092,7.206,-2.918,-1.82","-36.158,-28.65,28.052,8.658,-4.058,-0.534","-36.844,-30.402,28.236,5.832,-3.494,0.352","-36.024,-33.594,24.564,5.118,-4.094,0.462","-31.49,-36.266,12.972,3.336,-4.264,1.586","-24.082,-34.464,-1.294,0.738,-2.784,1.616","-22.16,-29.924,-11.772,-1.422,-0.686,1.858","-20.088,-32.982,-12.518,-0.92,0.464,3.678","-24.646,-27.812,-7.714,0.702,1.116,4.112","-33.704,-17.4,3.554,2.884,1.296,3.556","-38.578,-6.78,8.85,3.746,1.684,3.336","-38.812,4.726,19.38,2.746,2.37,3.612","-33.366,11.892,11.686,0.992,2.968,3.62","-38.806,38.704,-1.016,0.342,3.092,3.412","-38.812,38.704,3.662,0.816,3.144,3.338","-36.898,27.796,14.614,1.724,3.254,2.96","-36.998,27.452,-19.976,2.98,3.112,2.286","-38.812,22.644,-16.09,4.486,2.752,1.442","-34.57,23.948,-14.328,5.422,2.362,0.576","-28.288,11.976,-0.094,4.612,2.66,0.662","-20.918,18.724,-21.486,3.076,3.17,0.55","-19.252,12.264,0.918,2.312,3.272,0.242","-18.492,7.292,-7.234,1.714,3.334,0.106","-6.332,4.072,-8.39,1.814,3.268,0.07","1.246,20.816,-8.466,2.65,3.142,0.072","15.134,16.836,-4.958,3.45,2.95,-0.268","27.03,2.776,-7.12,4.226,2.782,-0.66","18.414,4.89,-2.612,5.434,2.558,-0.774","5.946,7.518,-1.722,6.446,2.304,-0.728","4.874,5.338,1.218,6.746,2.116,-0.564"
"-4.488,-4.482,6.038,-8.246,0.0,-3.896","-4.64,-4.756,6.36,-6.49,1.674,-6.202","-4.898,-5.264,6.354,-3.666,3.052,-8.302","-5.224,-5.57,6.232,-3.1,4.524,-10.9","-5.48,-5.826,6.172,-1.874,6.406,-12.908","-5.818,-6.296,5.882,0.636,6.436,-14.23","-6.38,-6.82,5.584,3.094,5.714,-15.624","-7.138,-7.284,5.692,5.024,4.276,-16.516","-8.014,-7.556,6.176,6.6,1.734,-17.71","-9.452,-8.036,7.594,7.484,-0.656,-18.808","-11.782,-9.206,9.212,8.12,-0.9,-18.016","-14.89,-11.214,10.776,6.236,-3.762,-14.61","-19.418,-13.998,12.956,5.78,3.966,-12.636","-23.784,-17.938,13.824,7.84,5.272,-9.058","-27.054,-22.69,14.704,14.14,3.422,-6.912","-28.836,-25.846,17.386,17.234,0.306,-4.624","-30.668,-26.74,19.718,19.8,-2.306,0.97","-29.766,-30.958,23.248,15.286,-2.722,0.604","-27.632,-36.134,20.218,6.922,-3.054,2.474","-24.262,-39.226,12.202,0.724,-2.216,2.624","-17.022,-39.226,1.604,-2.298,-2.026,2.4","-9.628,-39.226,-14.798,-1.86,-2.386,3.05","-13.806,-38.962,-17.418,-3.258,-0.636,5.226","-22.292,-33.654,-13.72,-5.07,1.764,5.58","-27.28,-31.47,-7.128,-3.924,2.646,5.184","-37.064,-16.494,3.744,-2.618,2.67,5.052","-38.812,-4.912,21.204,-0.898,3.396,4.054","-38.748,8.59,33.402,-0.16,4.162,4.914","-38.756,23.726,28.402,0.852,3.59,3.34","-36.066,16.29,15.286,-0.576,4.164,2.914","-37.44,30.316,-28.342,-1.608,4.492,2.996","-37.342,38.704,-30.622,-1.424,4.568,3.834","-20.714,18.902,-2.02,0.434,4.736,4.588","-29.332,-6.542,-8.966,0.802,4.534,2.506","-36.912,-39.226,-19.446,1.354,4.134,1.282","-21.778,-11.844,-37.432,2.256,3.936,1.418","-28.55,32.24,-11.724,4.112,2.948,1.128","-17.614,27.72,7.036,5.54,2.996,1.006","-15.128,21.536,10.798,6.444,2.92,0.686","-16.662,14.446,8.886,6.596,2.698,0.196","-7.398,-1.97,-3.118,5.718,3.01,-0.012","-11.226,5.99,1.502,4.614,3.442,-0.074","-5.78,18.22,1.032,5.048,3.346,-0.108","0.046,7.588,-3.834,7.078,2.512,-0.082","1.786,-1.704,-3.57,6.982,2.532,0.088","5.128,6.504,-1.586,5.506,3.076,0.07","1.958,6.208,4.028,4.582,3.43,0.206","-8.146,4.902,-0.658,4.544,3.298,0.516","-2.618,8.636,8.286,4.346,3.068,0.778","-0.672,8.438,8.508,3.834,3.034,0.646"
"-4.386,-4.716,3.142,-3.882,1.06,0.176","-4.74,-4.488,3.898,-4.356,0.68,-0.53","-4.884,-4.682,4.464,-4.728,0.326,-1.342","-5.046,-5.55,4.694,-5.286,0.19,-2.29","-5.576,-6.086,4.702,-6.544,0.588,-3.384","-6.31,-5.904,4.95,-8.428,1.57,-4.874","-6.93,-5.426,5.632,-10.164,3.804,-7.008","-7.318,-5.218,6.112,-9.422,6.238,-8.828","-7.61,-5.42,6.628,-6.69,7.876,-10.328","-8.274,-5.768,7.344,-3.138,8.89,-11.85","-9.264,-6.646,8.154,0.27,9.15,-13.56","-10.574,-8.182,8.898,2.418,9.134,-15.358","-12.548,-9.84,9.686,4.56,8.652,-17.288","-14.994,-11.518,10.662,6.684,6.61,-19.02","-17.704,-13.024,11.966,9.198,4.024,-20.514","-20.492,-14.25,13.232,12.308,2.68,-21.726","-23.622,-15.862,14.802,11.366,1.852,-15.942","-26.24,-17.736,16.25,17.308,-1.312,-11.942","-27.65,-21.062,17.84,13.54,4.428,-10.334","-28.566,-25.882,19.044,19.652,2.196,-2.324","-28.586,-31.928,19.866,21.752,-2.204,-0.478","-26.316,-37.816,19.4,23.8,-5.444,4.092","-23.778,-39.226,17.778,19.088,-5.838,5.874","-22.056,-38.912,12.59,3.856,-2.574,4.856","-20.31,-37.854,5.928,-1.624,-2.554,3.818","-19.812,-37.68,0.288,0.508,-4.448,4.414","-17.996,-39.226,-6.028,-0.948,-2.266,6.464","-23.956,-39.226,-2.018,-3.178,-1.068,7.006","-31.824,-37.49,-2.156,-6.898,-0.37,2.338","-38.108,-30.578,-5.714,-8.386,1.86,2.046","-38.812,-17.38,6.398,-6.068,2.324,4.816","-38.748,-2.718,20.13,-3.096,2.362,3.864","-38.786,3.164,25.55,-2.772,3.884,4.508","-38.812,14.194,27.024,-1.72,4.976,5.704","-38.812,24.718,17.944,-0.79,5.502,6.168","-38.812,-5.152,5.302,-0.842,5.958,4.832","-38.812,34.868,-35.748,-0.012,6.408,4.204","-22.284,38.704,10.632,2.518,5.414,3.884","2.794,17.328,-10.974,4.732,4.314,3.37","-23.626,-11.926,-7.394,5.45,3.952,2.71","-22.098,-21.936,-27.124,5.398,3.596,1.942","-5.486,31.074,-26.76,5.198,3.368,1.498","-14.304,38.704,25.952,5.396,3.02,1.176","-19.902,19.342,17.332,6.086,2.592,1.024","-13.84,-27.514,1.858,7.07,2.292,0.824","-11.544,-12.09,2.384,7.41,1.82,0.252","-7.532,5.55,-0.226,6.73,1.914,-0.51","1.618,7.836,-4.512,6.038,2.086,-1.18","18.88,20.608,-7.964,6.024,2.372,-1.272","16.458,-7.752,-16.058,6.122,2.388,-0.968"
"-6.83,-2.716,8.394,-3.33,0.796,1.178","-6.7,-3.578,7.818,-3.468,0.256,0.784","-6.732,-3.99,7.472,-3.562,-0.558,0.258","-6.252,-4.75,7.012,-3.266,-1.588,-0.426","-5.626,-5.332,6.936,-4.144,-2.324,-1.714","-5.504,-5.05,6.866,-5.858,-2.45,-3.4","-5.344,-4.228,6.86,-5.892,-2.408,-4.886","-5.208,-3.322,6.762,-4.294,-2.116,-6.48","-4.95,-3.41,6.578,-4.102,-1.216,-8.13","-4.426,-4.428,6.55,-3.026,0.018,-9.764","-4.418,-5.122,6.556,1.34,0.294,-11.812","-4.72,-5.526,6.206,5.722,0.148,-14.058","-4.88,-6.234,6.04,8.26,-0.608,-15.64","-5.142,-6.422,6.044,8.986,-2.462,-16.864","-5.038,-6.434,6.4,8.796,-3.886,-17.878","-4.848,-7.356,7.35,8.956,-6.394,-19.066","-5.278,-8.974,8.958,6.602,-5.244,-15.062","-6.792,-11.006,10.94,10.952,-10.376,-13.482","-9.226,-13.684,12.318,6.256,-4.648,-10.21","-13.314,-17.958,14.738,8.224,-3.988,-7.012","-17.992,-23.02,18.028,10.186,-6.628,-4.854","-21.622,-30.358,21.64,9.496,-4.552,-5.156","-23.404,-34.932,19.188,10.576,-5.364,-4.316","-26.766,-32.132,17.888,15.074,-8.842,-0.79","-25.138,-36.318,18.426,11.006,-8.634,0.192","-21.072,-39.226,15.638,4.03,-6.264,-0.636","-23.036,-37.026,1.556,-0.118,-4.572,-0.528","-29.434,-28.022,-4.928,-0.746,-3.838,0.522","-27.936,-32.224,-0.614,-0.294,-3.58,0.852","-30.992,-37.304,-0.212,-0.742,-2.456,1.09","-35.52,-34.35,0.68,-2.294,-0.864,1.57","-36.182,-28.55,-0.854,-2.866,0.7,2.306","-35.394,-18.616,-2.018,-2.024,1.738,3.022","-38.812,0.022,2.688,-0.99,2.3,2.376","-38.812,5.378,5.248,-0.922,3.14,2.136","-36.15,-18.82,12.542,-0.422,3.674,2.236","-37.894,33.004,-38.444,-0.712,4.094,1.936","-28.714,34.368,4.696,-0.112,4.444,1.57","-19.636,17.916,-12.796,0.73,4.596,1.14","-28.884,19.154,-20.232,1.566,4.422,1.214","-25.94,9.45,6.948,1.244,4.214,1.454","-29.968,-29.606,7.846,-0.068,4.252,0.944","-37.192,-28.554,-33.284,-1.246,4.048,0.372","-35.71,5.848,-18.568,-1.234,3.708,0.11","-14.9,22.518,-9.202,0.078,3.08,-0.092","3.944,7.81,-2.482,1.656,2.39,-0.186","10.552,-10.062,-6.602,2.382,1.986,-0.236","2.436,-4.558,-12.332,2.22,1.874,-0.284","7.896,4.132,-14.87,1.818,1.836,-0.236","17.764,8.806,-11.148,1.448,1.786,-0.17"
"-5.742,-6.28,6.348,-4.474,0.996,2.206","-5.602,-6.524,5.79,-4.926,0.532,1.848","-5.59,-5.818,5.644,-5.88,-0.432,1.09","-5.514,-4.768,5.998,-7.304,-1.154,0.132","-5.408,-4.152,6.596,-8.348,-1.486,-1.198","-5.12,-3.95,6.814,-7.798,-1.228,-3.424","-4.958,-3.832,6.82,-5.116,-0.762,-6.006","-5.084,-3.514,7.008,-2.498,0.022,-7.932","-5.058,-3.25,6.96,-2.396,1.242,-9.988","-4.874,-3.512,7.004,-2.466,2.62,-12.258","-5.152,-3.656,7.312,-0.838,3.16,-13.696","-5.848,-3.372,7.85,1.8,2.66,-15.246","-6.728,-3.136,8.346,4.344,1.074,-16.262","-7.804,-3.196,9.044,5.434,-1.264,-17.286","-9.232,-3.44,10.7,4.828,-3.056,-18.102","-11.214,-3.998,12.544,4.868,-3.856,-20.91","-14.182,-5.172,14.764,0.536,-4.996,-16.644","-18.436,-8.326,18.252,1.388,-5.652,-17.686","-23.752,-12.322,22.13,1.194,3.86,-15.582","-29.386,-14.632,25.63,10.618,1.128,-9.444","-33.83,-19.506,27.496,13.656,0.328,-6.366","-35.35,-26.964,29.244,14.698,-1.174,-3.244","-33.418,-29.704,32.348,13.764,-4.13,0.0","-29.08,-30.184,31.038,11.896,-3.594,2.058","-26.262,-32.806,26.804,9.53,-3.44,3.804","-23.558,-39.226,17.388,6.872,-4.278,5.338","-18.968,-39.226,-1.794,2.168,-3.406,4.854","-14.648,-38.574,-9.752,-1.98,-2.53,4.256","-17.102,-32.542,-9.362,-3.836,-1.21,4.514","-18.806,-30.224,-5.8,-3.012,0.286,5.094","-25.392,-24.712,2.93,-1.828,1.38,5.15","-32.054,-16.674,11.296,-1.448,2.292,3.752","-38.284,-2.388,16.664,-1.814,3.354,3.536","-38.812,8.982,17.49,-2.8,4.324,4.086","-38.74,9.99,13.458,-3.916,4.08,3.562","-32.818,-17.406,7.84,-4.384,4.104,3.786","-37.586,37.888,-35.814,-4.306,4.1,4.426","-25.048,26.346,10.672,-2.502,3.892,4.052","-30.28,5.046,-18.738,-0.26,2.722,3.154","-38.812,7.394,-21.272,2.108,1.648,2.648","-38.812,6.5,-18.684,1.622,2.2,4.558","-28.634,12.326,-19.998,-0.106,3.466,4.334","-10.01,26.27,-6.858,-0.476,2.44,1.244","-7.11,12.686,4.544,-0.294,2.068,1.576","-13.442,4.2,-3.264,-0.116,1.62,2.102","-17.0,16.826,3.978,0.666,1.906,2.012","-8.978,15.636,-0.784,2.072,1.472,2.024","0.672,4.554,-4.806,3.356,1.232,1.694","5.756,-4.818,-12.664,3.77,1.436,1.24","12.584,-10.418,-12.534,3.782,1.592,0.91"
"-3.9,-5.922,9.042,-6.26,-0.73,1.288","-3.5,-5.384,8.964,-7.57,-0.914,0.466","-3.342,-5.108,8.826,-8.708,-0.83,-1.17","-3.372,-5.172,8.3,-9.014,-0.566,-3.226","-3.544,-5.722,7.762,-8.386,0.22,-5.37","-3.78,-6.126,7.73,-7.478,1.322,-7.672","-4.242,-5.82,8.322,-7.198,3.01,-10.314","-4.776,-5.412,8.85,-6.048,4.982,-11.844","-5.222,-5.716,9.152,-2.796,5.41,-13.346","-5.512,-5.876,9.342,0.512,5.044,-15.218","-5.848,-5.248,9.446,3.076,3.872,-15.774","-6.1,-5.084,9.482,4.526,1.822,-17.288","-6.874,-5.772,9.772,3.664,-0.102,-18.51","-9.336,-6.802,12.144,-0.706,-2.278,-20.25","-13.564,-8.162,16.242,-4.638,1.442,-19.276","-18.32,-10.454,21.232,9.35,3.562,-17.096","-22.568,-13.38,25.318,16.376,1.66,-11.714","-25.816,-16.216,27.864,18.108,0.628,-5.914","-27.806,-19.142,30.03,14.864,-0.132,-3.956","-28.448,-22.08,32.54,15.828,-1.892,-1.09","-27.286,-23.25,31.942,12.978,-3.084,3.638","-25.558,-26.984,27.672,12.246,-5.064,5.186","-20.394,-36.94,21.4,7.018,-5.696,5.222","-14.308,-39.226,14.668,1.22,-4.484,4.572","-16.272,-39.226,7.664,-1.02,-5.422,3.534","-26.726,-33.546,3.008,-0.212,-4.816,3.506","-27.218,-29.382,1.838,-0.33,-3.868,5.03","-21.57,-31.556,3.396,-1.458,-2.428,5.116","-32.204,-17.808,8.014,-2.172,-2.05,3.244","-32.738,-14.108,19.514,-1.036,-1.548,3.66","-37.174,1.6,20.556,-1.972,0.022,3.886","-38.812,13.068,17.18,-0.872,-0.014,2.288","-38.308,22.236,3.58,-1.762,0.654,2.53","-36.122,23.556,1.764,-1.718,0.532,2.786","-36.552,11.556,3.288,-2.622,0.756,2.356","-38.812,-4.764,-16.166,-2.452,0.682,2.644","-38.576,28.944,-35.54,-2.27,0.972,3.952","-33.712,29.426,0.022,-2.306,1.342,3.92","-5.498,17.826,-20.01,-2.608,0.968,2.726","6.484,-3.158,1.5,-2.364,0.764,2.404","-17.75,13.622,-13.162,-1.43,0.212,2.138","-28.62,19.778,6.346,0.104,0.05,2.002","-17.576,18.0,15.176,1.746,-0.104,2.044","-15.536,4.924,2.97,3.134,-0.022,2.06","-4.156,-11.056,-1.446,3.62,0.274,1.878","-3.292,-8.9,-9.544,3.372,0.66,1.474","4.032,-0.342,-7.2,3.014,1.096,1.052","6.876,3.896,-10.18,3.172,1.402,0.794","16.93,-4.612,-14.328,4.348,1.488,0.658","23.26,-11.028,-5.818,5.854,1.534,0.444"
"1.95,5.28,-2.698,4.442,-3.388,-0.342","3.094,3.926,-2.184,1.526,-2.482,-0.588","3.518,3.092,-2.45,-0.902,-0.616,-0.688","3.118,3.92,-3.738,-2.992,2.006,-0.764","2.314,5.054,-4.722,-2.464,4.458,-0.754","1.764,6.402,-5.2,2.046,6.468,-0.496","1.22,7.6,-5.346,3.646,7.586,-1.984","0.812,8.116,-5.482,-0.648,10.018,-3.67","0.56,8.56,-5.866,-4.946,12.286,-3.692","0.872,8.694,-5.554,-8.17,12.894,-5.8","0.126,7.874,-6.41,-12.97,12.792,-5.432","0.342,6.294,-6.84,-16.178,12.25,-4.264","0.196,5.374,-6.84,-18.888,11.644,-3.9","-0.836,5.01,-9.002,-20.538,12.64,0.032","-1.364,4.606,-12.158,-19.146,16.16,2.192","0.116,3.812,-16.348,-15.68,14.484,1.254","3.018,3.134,-20.688,-9.096,10.618,6.184","5.092,3.992,-23.64,-5.88,7.876,3.552","5.26,6.104,-24.942,-6.544,6.372,4.448","2.31,9.632,-25.31,-5.77,5.858,2.05","-0.218,9.234,-29.68,-2.198,2.63,3.004","-2.402,4.856,-34.242,-1.106,1.366,2.346","-8.492,-2.056,-34.756,-1.892,3.418,1.408","-21.118,-7.266,-37.694,0.036,1.252,-0.138","-28.108,-3.87,-39.224,1.732,0.712,-1.186","-30.324,-3.902,-39.224,5.234,2.27,-2.17","-35.114,-6.488,-26.712,6.83,2.736,-2.11","-38.4,2.112,-9.772,4.53,2.382,-1.846","-38.812,-0.11,0.766,2.402,1.914,-3.564","-38.746,-14.764,24.552,2.894,0.48,-3.72","-38.786,2.246,32.434,3.93,0.672,-2.972","-36.134,24.43,29.254,5.618,0.03,-3.344","-16.162,18.086,23.276,6.912,-0.302,-2.776","-7.834,29.768,-13.8,6.478,-0.294,-1.972","-33.842,9.012,4.77,4.412,-0.924,-1.702","-35.472,-0.168,18.546,1.44,-1.11,-1.27","-32.562,38.704,-2.56,-2.09,0.084,-1.59","-9.246,35.596,-5.74,-4.348,0.498,-2.15","-24.552,22.058,-15.236,-4.42,0.47,-1.906","-28.39,-17.528,-22.32,-1.848,0.334,-1.804","-30.038,-6.844,-12.566,1.342,0.22,-1.602","-22.344,-2.596,0.146,2.88,0.154,-1.828","-22.868,-19.436,-7.518,3.362,0.278,-1.938","-17.816,-17.474,-8.558,3.53,-0.012,-1.878","-10.842,-11.69,0.216,3.096,-0.356,-1.766","-11.144,-13.632,0.666,1.834,-0.262,-1.624","-16.79,10.95,13.188,0.276,-0.094,-1.634","-26.058,26.65,15.086,-1.094,0.114,-1.742","-19.306,21.088,12.884,-1.91,0.328,-1.832","-9.42,11.028,16.75,-2.02,0.608,-1.856"
"-7.856,-4.054,6.0,-2.266,-0.004,-0.8","-7.832,-4.218,6.166,-2.266,-1.002,-1.348","-7.764,-4.43,6.564,-2.456,-1.93,-1.622","-7.908,-4.336,6.774,-3.36,-2.552,-2.336","-7.94,-4.376,6.742,-5.422,-2.824,-3.39","-7.882,-4.21,6.378,-8.216,-2.452,-5.058","-7.956,-3.916,6.252,-9.04,-1.482,-6.978","-8.036,-4.172,6.568,-7.824,0.442,-9.28","-8.084,-4.692,6.862,-7.09,3.346,-12.126","-8.156,-4.896,7.316,-4.412,5.424,-13.22","-8.402,-4.942,7.488,-0.73,5.566,-14.87","-8.542,-5.402,7.486,0.772,5.474,-16.158","-8.672,-5.804,7.768,1.704,4.614,-17.31","-8.936,-5.858,8.288,2.1,2.676,-19.102","-9.216,-6.3,8.484,1.46,0.284,-20.096","-9.958,-7.406,8.73,-1.838,-1.45,-21.38","-11.94,-8.618,10.482,-2.076,0.362,-16.388","-15.954,-9.814,15.13,4.948,3.242,-13.522","-22.002,-12.494,20.45,5.116,5.72,-7.758","-28.368,-18.186,25.62,7.768,4.426,-3.198","-32.51,-25.12,30.15,7.116,3.934,-4.184","-33.036,-29.28,30.752,6.232,0.138,-2.372","-31.39,-28.026,28.278,6.89,-2.498,1.248","-29.786,-22.876,25.128,6.02,-2.004,1.594","-27.562,-25.102,25.296,3.068,-2.058,3.308","-19.598,-37.422,14.252,-0.352,-2.1,3.676","-14.156,-39.226,-8.976,-2.746,-1.768,3.18","-15.242,-32.412,-10.964,-2.88,-1.588,4.07","-11.748,-37.936,-5.49,-1.984,-1.684,5.336","-17.194,-34.36,-11.712,-1.604,-0.816,5.29","-25.992,-19.442,-4.2,-0.854,-0.576,4.596","-30.608,-6.312,11.068,0.862,-0.414,4.858","-36.782,5.204,18.002,2.096,0.282,4.96","-38.812,16.294,21.066,2.344,0.404,4.522","-38.812,22.52,16.338,1.57,0.8,4.186","-38.766,13.174,10.95,0.484,1.202,3.792","-38.812,38.704,-18.018,0.126,1.158,3.372","-32.1,24.822,8.53,0.544,0.982,3.058","-32.29,16.66,-21.422,1.394,0.694,2.742","-38.538,2.624,0.04,2.174,0.404,2.436","-29.636,-22.85,0.804,2.1,0.322,1.912","-24.128,-5.992,-11.46,1.608,0.356,1.092","-18.228,18.754,-2.614,2.134,0.366,0.534","-1.388,4.84,5.79,3.734,0.248,0.25","-7.088,9.48,7.712,4.308,0.266,-0.2","-12.616,16.758,8.352,4.35,0.296,-0.444","-5.6,6.14,7.448,4.45,0.294,-0.614","-8.712,3.388,5.266,4.218,0.396,-1.044","-5.606,7.504,7.868,3.93,0.634,-1.416","0.474,5.236,5.468,3.988,0.78,-1.556"
"-5.516,-6.064,3.222,-7.894,2.258,-3.818","-5.484,-6.094,3.662,-8.824,3.79,-5.494","-5.466,-6.612,4.104,-7.366,5.368,-7.462","-5.59,-7.602,3.984,-4.3,6.366,-9.296","-5.958,-8.388,3.808,-1.398,7.258,-11.144","-6.456,-8.244,3.912,1.172,7.462,-13.018","-7.102,-8.116,4.096,3.256,6.942,-14.794","-7.268,-8.502,4.302,6.364,5.58,-16.552","-7.602,-9.184,4.69,9.392,2.964,-18.098","-8.742,-9.774,5.658,12.376,0.178,-18.898","-10.376,-10.66,7.388,7.84,-1.87,-20.502","-12.316,-12.142,9.352,12.736,0.118,-12.508","-14.444,-14.636,10.798,19.74,0.396,-9.734","-16.406,-18.798,12.028,19.72,1.652,-5.958","-17.906,-23.258,13.126,19.558,0.266,-1.41","-18.522,-26.88,13.51,22.338,-0.166,-0.732","-18.76,-31.73,14.054,23.904,-6.206,4.576","-17.626,-36.856,13.35,5.724,-3.064,2.85","-15.704,-38.256,9.036,-6.57,1.938,2.608","-13.094,-39.08,3.716,-4.646,-0.728,4.138","-8.596,-39.226,2.068,2.736,-5.118,3.084","-7.816,-39.226,0.414,2.424,-1.94,3.846","-16.476,-39.226,-6.556,-1.932,1.602,3.458","-25.778,-36.788,-12.984,-3.792,2.444,2.428","-28.568,-29.922,-7.79,-5.47,3.764,1.682","-32.434,-18.244,7.702,-3.638,4.814,2.436","-38.728,-5.332,14.592,-0.28,5.498,2.29","-38.812,6.386,17.246,1.564,5.512,1.428","-38.71,28.972,17.988,0.84,6.682,1.598","-38.798,33.866,0.668,0.102,7.416,1.912","-30.104,14.278,-3.678,1.024,7.44,2.304","-37.252,38.704,-18.17,3.252,6.818,2.696","-18.278,36.606,-32.05,2.924,7.12,0.666","5.072,8.058,-23.808,3.3,6.442,-0.282","-28.788,-30.84,-3.166,3.836,5.312,0.076","-24.56,-27.0,-39.224,4.964,3.782,-0.638","-27.582,38.704,-8.272,5.17,3.59,-0.702","-7.872,38.704,33.626,4.978,3.65,-0.972","-6.64,-1.784,25.626,4.68,3.498,-1.222","-31.398,-39.158,-20.494,3.906,3.828,-1.014","-26.758,-0.494,-0.692,4.22,4.07,-1.028","4.394,6.154,6.204,5.856,3.02,-1.156","16.562,-0.174,-6.684,5.436,3.12,-1.46","8.694,5.42,0.378,4.016,3.546,-1.978","2.748,1.982,-4.334,3.292,3.718,-1.706","-5.814,2.13,-1.384,3.626,3.488,-1.394","-5.006,-0.224,-1.16,3.854,3.078,-0.988","1.47,8.356,8.824,3.242,3.166,-0.79","-1.892,8.53,9.928,2.67,2.99,-1.028","-6.834,1.904,11.926,2.608,2.67,-1.01"
"-7.046,-1.544,6.104,-4.67,-2.536,-4.898","-7.038,-2.154,5.95,-3.024,-2.108,-5.964","-7.236,-2.542,5.71,-1.63,-1.348,-7.052","-7.556,-2.516,5.692,-0.812,-0.19,-9.086","-7.874,-2.61,6.074,1.034,0.832,-11.2","-8.37,-2.578,6.386,3.552,0.45,-12.414","-8.766,-3.088,6.632,5.456,-0.552,-14.136","-8.798,-4.468,6.748,7.148,-2.064,-15.13","-9.13,-5.304,7.274,8.516,-4.392,-15.238","-10.264,-5.94,8.256,4.568,-5.666,-15.902","-11.75,-7.676,9.862,6.48,-4.226,-12.858","-14.154,-10.058,12.04,10.564,-3.862,-12.498","-17.426,-13.33,13.976,11.918,-1.458,-9.762","-21.712,-17.758,16.782,15.63,-2.92,-6.732","-25.884,-23.8,19.592,15.616,-1.604,-7.514","-28.348,-29.776,22.566,17.002,-2.786,-3.83","-29.686,-33.068,23.13,17.008,-5.398,0.322","-28.062,-35.278,22.52,10.624,-5.274,0.07","-27.882,-36.706,25.364,4.464,-4.028,0.94","-29.434,-35.786,22.966,2.714,-4.294,1.728","-26.75,-33.092,14.85,2.302,-4.422,2.678","-19.008,-31.288,3.622,1.016,-3.6,3.108","-12.798,-29.646,-0.89,-0.89,-2.464,3.532","-15.588,-29.488,-3.412,-3.018,-1.048,3.456","-15.794,-31.832,-2.596,-3.428,0.112,3.438","-20.43,-17.31,7.484,-2.274,1.046,3.708","-31.914,-2.038,13.616,-0.922,1.734,3.7","-38.812,7.93,15.062,-0.142,2.426,3.658","-38.812,15.342,16.802,-0.45,2.922,3.592","-26.244,19.814,-2.21,-1.29,3.03,3.574","-34.67,34.568,-18.348,-1.632,3.048,3.206","-22.43,13.928,-11.142,-1.144,2.794,2.756","-21.748,10.514,-31.592,-0.22,2.368,2.476","-29.52,0.02,-4.494,0.092,2.41,3.024","-25.744,-29.114,-15.486,0.212,2.928,3.398","-33.5,-2.18,-27.322,0.656,3.012,2.5","-35.33,36.16,-2.02,1.064,2.64,1.962","-20.94,32.42,15.79,1.218,2.6,1.884","-16.178,7.094,9.342,1.414,2.51,1.612","-13.946,-4.26,0.204,2.044,2.336,1.38","-8.642,0.428,-2.232,2.996,2.252,1.16","-0.814,5.632,-7.976,3.632,2.26,0.914","4.588,7.954,-8.14,3.666,2.432,0.716","7.206,4.446,-10.186,3.216,2.812,0.6","8.778,-1.49,-13.19,2.942,3.2,0.556","7.06,-0.684,-12.452,3.636,3.36,0.552","6.398,3.118,-9.802,5.24,3.13,0.48","5.038,3.67,-6.046,5.884,2.96,0.24","1.79,6.26,-3.136,5.546,3.266,-0.012","-0.926,6.348,-2.06,5.548,3.524,-0.15"
"-5.588,-4.948,5.894,-3.472,0.642,0.83","-6.07,-5.562,5.8,-4.636,0.72,0.432","-6.588,-6.262,5.918,-6.536,1.242,-0.288","-6.834,-6.414,6.06,-8.432,2.444,-1.72","-6.79,-6.094,5.762,-9.012,4.174,-4.04","-6.844,-6.21,6.264,-6.608,5.54,-7.186","-7.174,-6.994,6.68,-3.03,5.85,-10.13","-7.798,-8.036,6.66,-1.176,6.454,-12.424","-8.46,-8.352,6.704,0.596,7.05,-14.252","-9.244,-8.24,6.702,3.084,6.178,-16.252","-9.77,-8.836,6.308,6.252,5.884,-16.564","-10.008,-9.966,6.18,10.502,4.334,-16.594","-10.564,-11.15,6.278,14.544,2.206,-15.818","-11.57,-12.334,7.01,17.86,0.87,-13.052","-13.448,-13.6,8.196,10.432,0.356,-11.854","-16.612,-15.386,9.168,7.884,4.666,-6.686","-19.416,-18.406,9.294,15.048,3.366,-4.388","-20.996,-21.516,9.766,14.464,1.706,-4.972","-22.196,-23.532,9.822,21.302,-4.358,3.1","-20.788,-26.62,8.502,18.788,-1.864,2.6","-16.654,-31.168,8.47,9.534,-2.21,4.74","-12.752,-34.508,8.104,-1.352,-1.606,4.022","-9.31,-37.77,4.742,-5.632,-0.438,1.966","-5.19,-39.226,1.342,-3.454,-2.43,3.48","-3.498,-39.226,-4.866,-4.938,-0.422,5.212","-10.162,-39.226,-12.488,-7.44,1.528,6.05","-25.312,-35.69,-7.764,-7.242,1.458,3.45","-30.886,-25.036,0.98,-7.02,2.83,4.494","-38.44,-8.906,4.848,-3.248,2.244,5.086","-38.812,6.228,17.934,-0.184,2.556,4.944","-38.69,17.936,25.484,1.16,3.26,4.946","-38.788,35.538,18.794,0.964,3.718,5.03","-38.812,38.704,5.458,-0.674,4.18,3.448","-37.13,35.546,-10.418,-0.882,4.538,2.516","-18.996,20.408,2.284,1.25,3.626,2.376","-23.602,27.43,-10.062,4.29,2.196,1.808","-34.682,-31.154,4.744,5.838,1.922,1.272","-25.502,-35.78,-37.598,6.444,1.894,0.614","-25.1,21.626,-18.332,6.634,1.75,0.224","-6.328,8.562,-5.734,6.382,1.786,0.382","-25.682,27.588,13.998,6.298,2.292,0.66","-23.434,11.62,13.314,7.482,1.594,0.576","-13.532,-32.112,-5.782,7.58,0.938,0.166","-10.478,-5.358,2.39,6.606,0.996,-0.738","-7.64,19.09,8.372,5.834,0.954,-0.972","-8.076,15.802,-0.22,5.926,1.328,-0.95","-0.908,24.518,3.3,6.138,1.026,-0.62","-8.39,-2.426,-4.01,5.88,1.112,-0.092","-13.828,-0.18,0.264,5.342,1.29,-0.366","-8.94,7.556,2.876,5.13,1.246,-0.778"
"-3.318,-3.684,3.676,-3.728,-0.32,-0.344","-2.88,-4.152,3.228,-4.776,-0.104,-1.252","-2.454,-4.926,2.78,-6.776,0.43,-2.542","-2.268,-4.95,3.036,-10.84,2.058,-4.732","-2.334,-4.264,3.854,-11.684,4.648,-6.76","-2.612,-4.314,4.638,-7.436,5.684,-9.18","-3.326,-5.566,5.202,-2.808,6.1,-10.904","-4.388,-7.3,5.782,1.32,6.016,-13.054","-5.714,-8.316,6.53,4.122,4.962,-15.226","-7.096,-9.436,7.374,6.066,4.032,-16.732","-9.008,-11.658,8.636,8.554,2.738,-18.058","-11.54,-13.944,10.046,12.848,1.556,-18.84","-14.492,-16.084,11.526,18.086,0.754,-16.744","-17.174,-18.738,12.274,19.26,-2.216,-14.834","-18.76,-22.114,12.744,14.812,1.144,-9.404","-17.79,-25.992,12.844,25.53,-4.446,-0.9","-16.26,-30.28,13.8,20.836,1.212,-6.368","-15.184,-33.322,13.988,23.788,-0.372,1.248","-13.886,-35.832,12.898,21.294,-5.604,5.86","-12.754,-38.44,11.414,10.22,-2.708,2.66","-10.678,-39.226,6.434,2.036,-0.806,3.924","-8.894,-39.106,2.934,5.224,-4.612,3.9","-7.574,-38.122,5.826,5.896,-4.84,4.002","-3.312,-39.226,4.7,-1.17,0.11,5.678","-14.82,-39.226,-9.488,-5.874,2.386,2.032","-29.496,-39.226,-7.534,-6.744,1.374,0.968","-33.726,-35.338,-4.598,-7.414,4.358,0.862","-36.368,-23.966,7.538,-8.424,6.282,1.0","-38.812,-3.562,13.83,-7.748,6.962,0.722","-38.812,10.11,14.984,-6.41,7.77,1.182","-38.756,20.94,6.454,-5.934,8.632,2.1","-38.812,25.658,-14.804,-3.614,8.182,2.498","-38.812,34.796,-30.99,-0.314,6.78,4.056","-29.238,18.34,-8.618,-0.696,7.86,2.922","-24.402,33.252,-26.872,-0.38,6.976,1.016","-17.03,32.614,12.046,0.09,5.86,1.842","20.506,-31.81,-26.3,1.734,3.744,1.298","-15.894,-21.958,-39.224,2.852,3.342,1.276","-38.812,38.704,2.534,3.4,3.682,1.58","-13.902,30.312,33.76,3.64,3.464,1.39","-17.642,-32.146,17.458,3.548,3.396,1.39","-35.176,-23.996,5.44,4.016,4.092,1.4","-14.152,15.936,12.68,6.808,3.574,0.984","-0.092,6.796,1.434,8.072,2.164,0.698","12.532,-16.4,-18.206,6.252,2.694,-0.494","26.774,-12.918,-20.182,3.902,2.68,-1.836","10.142,8.416,-20.03,2.36,3.22,-1.658","3.632,-1.798,-17.95,1.47,3.216,-1.968","0.974,1.768,-7.302,1.442,3.276,-1.632","-7.756,9.114,7.1,2.426,3.4,-1.316"
"0.93,6.538,2.522,5.728,-1.994,2.264","3.9,6.766,1.698,4.582,-1.5,2.072","5.868,7.204,0.814,3.074,-0.618,1.746","5.888,8.148,0.724,1.298,0.544,1.244","5.068,8.782,0.936,0.268,1.85,0.696","4.47,8.7,0.058,-0.08,3.446,0.098","4.406,8.402,-1.596,0.016,5.36,-0.786","4.67,8.092,-3.186,-0.842,7.326,-1.986","5.18,8.108,-5.152,-3.34,9.012,-3.214","5.19,8.348,-6.586,-6.72,10.188,-4.108","5.472,8.82,-7.474,-9.568,10.888,-4.164","5.266,9.156,-7.91,-11.664,11.326,-4.186","4.348,8.878,-8.664,-14.064,11.02,-3.692","2.888,8.05,-10.138,-15.502,11.326,-2.294","2.174,6.926,-12.558,-14.156,13.328,0.362","2.474,6.294,-14.156,-8.484,15.332,1.302","2.736,7.042,-15.912,-7.872,10.616,2.746","1.852,8.18,-16.588,-16.366,12.538,2.366","0.206,8.104,-17.89,-17.37,11.822,2.052","-1.616,7.264,-19.574,-7.826,5.656,4.274","-1.948,6.038,-20.542,-3.41,4.374,3.57","-1.024,5.206,-20.58,-2.76,3.88,3.232","-4.41,3.996,-20.854,-1.426,2.944,2.268","-11.042,3.41,-23.432,0.874,2.452,1.786","-15.118,0.798,-29.112,2.472,2.268,0.998","-18.754,-1.538,-32.668,2.752,2.256,-0.206","-26.134,-3.258,-27.65,2.616,3.51,-0.872","-33.274,-6.406,-17.584,4.634,4.424,-0.87","-35.744,-13.214,-8.868,6.008,2.24,-0.938","-35.716,-10.92,3.422,4.496,2.038,-2.382","-38.368,-0.826,15.252,3.042,1.558,-3.574","-35.862,6.932,22.36,1.682,1.342,-2.21","-23.636,18.79,26.016,2.656,0.502,-1.244","-4.32,23.776,21.572,2.73,0.414,-0.018","7.118,14.062,-0.798,2.516,0.306,0.746","-4.142,-1.042,-18.732,4.4,-0.21,1.42","-29.75,38.704,18.744,1.948,-0.844,1.53","-9.668,30.706,5.442,-1.488,-0.012,0.53","-1.75,-16.858,-27.03,-2.196,-0.514,-0.85","-13.278,1.238,-12.742,-0.434,-1.286,-0.734","-14.51,10.156,-2.354,0.572,-1.46,-0.706","-20.54,3.544,-2.546,0.196,-1.138,-1.32","-19.35,-7.756,0.298,-0.61,-0.5,-1.57","-15.29,-9.194,4.142,-0.112,-0.404,-1.262","-8.992,-4.46,4.804,0.426,-0.164,-1.298","-2.244,-4.814,6.342,1.062,0.2,-1.444","-3.668,-4.078,8.874,2.1,0.092,-1.678","-17.648,1.216,6.324,3.106,-0.284,-1.768","-17.936,23.49,16.998,2.81,-0.314,-1.698","-13.986,28.654,22.366,1.374,-0.158,-1.552"
